player,pass_att,pass_cmp,pass_yds,pass_td,pass_int,rush_att,rush_yds,rush_td,fumble_lost,fpts,team,position,rec_att,rec_yds,rec_td,updated_date
Patrick Mahomes II,610.8,406.3,"4,836.2",37.7,11.2,64.9,357.6,3.2,1.9,384.2,KC,QB,,,,09.01.2023
Josh Allen,577.4,364.4,"4,289.9",32.2,14.2,116.7,660.0,6.2,4.2,381.2,BUF,QB,,,,09.01.2023
Jalen Hurts,495.6,319.0,"3,818.4",23.5,10.1,157.5,801.4,11.1,2.9,377.5,PHI,QB,,,,09.01.2023
Lamar Jackson,481.8,305.8,"3,490.4",25.6,11.6,148.6,941.2,5.5,3.0,351.5,BAL,QB,,,,09.01.2023
Joe Burrow,598.5,407.0,"4,634.2",33.1,13.1,65.0,272.8,3.9,2.3,350.5,CIN,QB,,,,09.01.2023
Justin Fields,414.8,256.9,"2,968.9",20.9,12.7,153.3,"1,033.9",6.9,3.3,327.9,CHI,QB,,,,09.01.2023
Justin Herbert,627.1,421.4,"4,591.0",30.1,12.7,57.1,219.8,2.0,2.0,321.0,LAC,QB,,,,09.01.2023
Deshaun Watson,503.4,323.9,"3,846.3",24.6,10.8,98.2,489.6,4.1,1.8,311.3,CLE,QB,,,,09.01.2023
Dak Prescott,552.9,364.9,"4,128.7",29.3,13.8,58.9,251.6,2.4,3.1,301.9,DAL,QB,,,,09.01.2023
Kirk Cousins,593.8,395.8,"4,452.1",30.6,12.3,31.6,92.0,1.5,2.8,300.9,MIN,QB,,,,09.01.2023
Trevor Lawrence,578.6,378.6,"4,088.5",26.9,12.1,62.5,285.4,3.9,5.2,300.7,JAC,QB,,,,09.01.2023
Daniel Jones,519.7,338.0,"3,510.9",20.9,10.0,109.7,638.6,4.9,4.1,299.3,NYG,QB,,,,09.01.2023
Geno Smith,544.6,370.8,"4,049.4",27.1,11.3,61.8,321.3,2.0,3.5,295.8,SEA,QB,,,,09.01.2023
Aaron Rodgers,559.2,361.9,"4,060.7",28.1,8.6,36.5,125.2,1.6,2.6,282.7,NYJ,QB,,,,09.01.2023
Russell Wilson,513.5,323.7,"3,806.4",24.2,10.9,63.8,320.6,2.7,2.1,282.4,DEN,QB,,,,09.01.2023
Tua Tagovailoa,535.9,351.6,"4,122.5",27.2,12.3,43.1,133.4,1.7,1.8,281.2,MIA,QB,,,,09.01.2023
Jared Goff,571.9,376.0,"4,254.8",28.1,11.0,32.0,83.3,1.3,3.6,280.5,DET,QB,,,,09.01.2023
Anthony Richardson,487.5,301.7,"3,208.5",18.4,13.0,135.9,611.9,4.3,2.3,271.6,IND,QB,,,,09.01.2023
Derek Carr,512.8,337.4,"3,969.6",24.1,11.9,34.6,116.8,1.0,2.6,255.9,NO,QB,,,,09.01.2023
Kenny Pickett,499.4,316.6,"3,308.7",17.7,12.2,67.1,436.2,3.6,1.5,253.2,PIT,QB,,,,09.01.2023
Jordan Love,545.4,346.0,"3,835.0",23.4,14.5,44.0,170.4,1.5,2.6,253.2,GB,QB,,,,09.01.2023
Brock Purdy,446.9,291.9,"3,514.6",24.8,10.2,38.5,125.7,2.2,1.4,252.2,SF,QB,,,,09.01.2023
Matthew Stafford,524.9,348.6,"3,975.5",24.3,13.2,30.4,71.4,0.9,2.8,249.6,LAR,QB,,,,09.01.2023
Bryce Young,521.6,327.6,"3,632.0",20.3,12.9,51.5,203.9,1.6,2.3,238.8,CAR,QB,,,,09.01.2023
Jimmy Garoppolo,492.8,326.4,"3,630.7",22.3,12.0,30.4,66.8,1.6,2.4,234.0,LV,QB,,,,09.01.2023
Mac Jones,515.8,338.7,"3,596.2",20.1,13.8,52.4,153.2,1.2,2.2,228.5,NE,QB,,,,09.01.2023
C.J. Stroud,521.8,327.6,"3,476.6",19.8,14.2,50.8,183.3,1.5,2.5,226.3,HOU,QB,,,,09.01.2023
Ryan Tannehill,455.2,296.4,"3,296.7",19.3,11.0,41.6,165.4,2.5,2.1,225.3,TEN,QB,,,,09.01.2023
Sam Howell,518.0,323.7,"3,312.1",18.5,12.9,56.5,235.7,1.9,2.4,224.0,WAS,QB,,,,09.01.2023
Kyler Murray,409.9,270.1,"2,786.3",14.0,9.5,75.7,420.6,2.9,2.3,212.5,ARI,QB,,,,09.01.2023
Baker Mayfield,489.3,301.7,"3,189.7",17.5,11.8,36.6,129.6,1.3,2.4,201.3,TB,QB,,,,09.01.2023
Desmond Ridder,448.4,277.4,"3,004.2",17.5,10.5,39.8,172.6,1.5,3.1,199.9,ATL,QB,,,,09.01.2023
Joshua Dobbs,157.7,96.8,"1,358.4",6.4,7.2,20.0,119.8,0.8,1.5,86.6,ARI,QB,,,,09.01.2023
Kyle Trask,176.8,106.6,"1,126.0",4.9,5.8,16.4,47.0,0.2,1.1,62.9,TB,QB,,,,09.01.2023
Jacoby Brissett,146.6,82.8,985.6,4.1,3.3,19.4,77.7,0.6,1.3,61.4,WAS,QB,,,,09.01.2023
Will Levis,102.6,62.6,797.9,3.1,4.0,14.9,51.7,0.3,0.8,45.9,TEN,QB,,,,09.01.2023
Brian Hoyer,100.1,60.7,751.6,4.0,4.0,10.6,32.9,0.2,0.8,45.0,LV,QB,,,,09.01.2023
Taylor Heinicke,99.0,60.6,705.3,3.8,4.0,18.1,51.0,0.2,1.2,43.4,ATL,QB,,,,09.01.2023
Gardner Minshew II,73.9,46.4,663.2,2.7,2.3,11.9,41.3,0.2,1.2,38.0,IND,QB,,,,09.01.2023
Sam Darnold,118.8,70.0,658.1,2.7,4.2,16.1,46.3,0.2,1.2,36.4,SF,QB,,,,09.01.2023
Bailey Zappe,120.6,71.4,655.1,2.5,4.7,15.9,23.2,0.1,1.0,32.4,NE,QB,,,,09.01.2023
Mike White,90.0,54.0,580.7,2.6,3.7,12.6,20.2,0.1,0.6,31.2,MIA,QB,,,,09.01.2023
Stetson Bennett,66.4,41.2,500.5,1.8,2.5,8.8,23.1,0.2,0.6,26.8,LAR,QB,,,,09.01.2023
Davis Mills,84.7,49.6,516.2,1.6,4.0,14.5,31.7,0.2,0.6,26.4,HOU,QB,,,,09.01.2023
Tyrod Taylor,43.6,28.2,294.1,2.0,1.4,13.9,58.5,0.2,0.3,24.9,NYG,QB,,,,09.01.2023
Clayton Tune,83.9,51.1,480.0,1.3,2.6,9.9,23.9,0.2,0.6,24.1,ARI,QB,,,,09.01.2023
Marcus Mariota,53.2,33.4,318.4,1.6,1.2,15.1,47.8,0.3,0.4,23.4,PHI,QB,,,,09.01.2023
Trey Lance,89.0,54.1,457.2,0.9,2.8,17.2,44.3,0.1,0.6,23.3,DAL,QB,,,,09.01.2023
Mitch Trubisky,59.7,39.3,366.4,1.6,1.7,8.7,25.9,0.2,0.2,22.9,PIT,QB,,,,09.01.2023
Andy Dalton,65.0,40.4,407.4,1.9,2.4,7.5,15.8,0.1,0.4,22.7,CAR,QB,,,,09.01.2023
Sean Clifford,59.2,36.7,403.2,1.6,2.4,9.2,20.8,0.2,0.6,22.2,GB,QB,,,,09.01.2023
Tyler Huntley,52.6,32.9,296.7,1.3,1.3,19.8,56.6,0.2,0.5,21.5,BAL,QB,,,,09.01.2023
Jarrett Stidham,58.3,33.1,342.7,2.0,2.3,4.9,10.5,0.1,0.4,20.4,DEN,QB,,,,09.01.2023
Teddy Bridgewater,64.4,35.4,368.6,1.2,1.6,5.4,15.4,0.1,0.2,19.8,DET,QB,,,,09.01.2023
Blaine Gabbert,51.9,30.6,337.5,1.7,2.6,11.2,21.2,0.1,0.5,19.3,KC,QB,,,,09.01.2023
Nick Mullens,45.8,34.4,339.9,1.9,2.1,5.0,8.8,0.1,0.7,19.3,MIN,QB,,,,09.01.2023
Zach Wilson,94.1,52.6,482.3,0.9,5.2,5.4,13.4,0.2,0.5,18.8,NYJ,QB,,,,09.01.2023
C.J. Beathard,56.5,33.0,341.5,1.5,2.9,11.6,20.2,0.1,0.6,18.2,JAC,QB,,,,09.01.2023
Easton Stick,60.3,35.4,332.4,1.6,3.5,14.8,20.3,0.2,0.7,18.0,LAC,QB,,,,09.01.2023
Drew Lock,53.0,29.0,328.0,1.6,2.7,6.0,16.9,0.1,0.5,18.0,SEA,QB,,,,09.01.2023
Jameis Winston,35.5,23.9,297.0,1.5,1.5,4.0,9.9,0.2,0.2,17.9,NO,QB,,,,09.01.2023
Brett Rypien,0.0,0.0,290.1,2.2,5.4,33.4,31.9,0.1,0.9,17.2,LAR,QB,,,,09.01.2023
Cooper Rush,34.1,21.4,262.2,1.5,1.2,2.9,6.6,0.1,0.2,16.1,DAL,QB,,,,09.01.2023
Dorian Thompson-Robinson,44.4,27.2,279.9,1.1,1.7,7.8,23.4,0.1,0.6,15.7,CLE,QB,,,,09.01.2023
Tyson Bagent,40.6,24.8,260.9,1.3,2.4,8.5,23.1,0.2,0.6,15.3,CHI,QB,,,,09.01.2023
Aidan O'Connell,74.2,44.1,330.3,0.5,2.2,11.9,18.9,0.1,0.6,14.6,LV,QB,,,,09.01.2023
Malik Willis,75.6,43.6,355.1,0.6,3.6,15.7,21.9,0.1,0.7,14.4,TEN,QB,,,,09.01.2023
Kyle Allen,53.5,33.2,310.6,1.1,3.1,7.9,15.7,0.1,1.3,13.8,BUF,QB,,,,09.01.2023
Hendon Hooker,76.7,44.9,411.6,0.0,5.1,19.4,39.5,0.2,1.5,13.5,DET,QB,,,,09.01.2023
Matt Corral,16.8,10.7,204.7,1.0,2.2,9.1,22.1,0.2,0.4,12.7,NE,QB,,,,09.01.2023
Skylar Thompson,90.7,51.5,283.7,1.0,4.3,26.5,20.5,0.0,0.9,11.4,MIA,QB,,,,09.01.2023
Logan Woodside,0.0,0.0,182.4,0.7,1.1,0.0,1.4,0.3,0.2,10.1,ATL,QB,,,,09.01.2023
Case Keenum,119.6,59.1,274.4,0.4,1.5,10.0,0.7,0.0,0.8,9.8,HOU,QB,,,,09.01.2023
Brandon Allen,0.0,0.0,0.0,3.4,3.4,16.4,7.6,0.0,0.6,9.8,SF,QB,,,,09.01.2023
Jake Browning,18.5,11.9,124.6,1.0,1.8,9.3,22.0,0.1,0.5,9.0,CIN,QB,,,,09.01.2023
PJ Walker,81.7,34.9,235.7,0.7,5.6,20.0,24.6,0.0,0.5,8.2,CLE,QB,,,,09.01.2023
Tanner McKee,16.5,9.9,121.5,0.5,1.8,10.9,15.8,0.1,0.5,6.4,PHI,QB,,,,09.01.2023
Jake Haener,7.5,5.0,95.8,0.6,1.8,11.8,16.1,0.1,0.5,5.8,NO,QB,,,,09.01.2023
David Blough,0.0,0.0,72.5,1.1,4.1,33.4,24.8,0.0,0.8,4.5,DET,QB,,,,09.01.2023
Mason Rudolph,0.0,0.0,7.9,0.6,0.2,17.7,11.2,0.0,0.0,3.8,PIT,QB,,,,09.01.2023
Jaren Hall,10.0,6.5,59.6,0.4,1.6,11.8,16.2,0.1,0.4,3.5,MIN,QB,,,,09.01.2023
Jeff Driskel,20.3,14.7,104.6,0.4,2.7,1.0,2.1,0.0,0.0,3.3,ARI,QB,,,,09.01.2023
Matt Barkley,0.0,0.0,46.9,1.0,3.8,33.4,24.3,0.0,0.8,3.1,BUF,QB,,,,09.01.2023
Nathan Peterman,0.0,0.0,23.9,0.4,1.6,0.0,0.8,0.2,0.1,1.9,CHI,QB,,,,09.01.2023
Feleipe Franks,0.0,0.0,0.0,1.7,6.9,33.4,48.6,0.0,1.5,1.8,ATL,QB,,,,09.01.2023
John Wolford,0.0,0.0,0.0,1.7,6.9,33.4,48.6,0.0,1.5,1.8,TB,QB,,,,09.01.2023
Sam Ehlinger,0.0,0.0,15.7,0.9,3.6,33.4,24.3,0.0,0.8,1.7,IND,QB,,,,09.01.2023
Malik Cunningham,0.0,0.0,0.0,0.0,4.5,22.5,44.2,0.2,1.3,-1.5,NE,QB,,,,09.01.2023
Christian McCaffrey,,,,,,221.5,"1,016.9",7.5,0.5,234.9,SF,RB,74.7,638.5,4.2,09.01.2023
Austin Ekeler,,,,,,193.0,875.9,9.7,1.5,228.9,LAC,RB,77.7,616.7,4.1,09.01.2023
Nick Chubb,,,,,,280.4,"1,404.9",9.4,1.2,225.2,CLE,RB,28.9,240.9,1.1,09.01.2023
Derrick Henry,,,,,,312.1,"1,377.1",9.7,1.8,225.1,TEN,RB,32.4,276.5,0.9,09.01.2023
Josh Jacobs,,,,,,266.1,"1,241.2",10.0,1.2,216.1,LV,RB,39.0,291.0,0.8,09.01.2023
Bijan Robinson,,,,,,249.7,"1,190.8",9.0,2.0,215.4,ATL,RB,40.6,339.1,2.1,09.01.2023
Tony Pollard,,,,,,224.5,"1,131.1",8.5,0.5,215.2,DAL,RB,45.7,384.8,2.3,09.01.2023
Saquon Barkley,,,,,,256.7,"1,150.7",8.1,0.7,211.0,NYG,RB,53.3,384.5,1.8,09.01.2023
Joe Mixon,,,,,,229.8,960.9,7.5,0.6,189.2,CIN,RB,49.6,367.3,2.1,09.01.2023
Aaron Jones,,,,,,201.5,"1,001.9",5.7,1.3,185.2,GB,RB,50.0,377.6,2.7,09.01.2023
Najee Harris,,,,,,256.5,"1,016.3",6.6,1.0,178.9,PIT,RB,38.2,261.2,2.2,09.01.2023
Travis Etienne Jr.,,,,,,219.0,"1,085.9",6.5,2.6,177.6,JAC,RB,36.2,293.7,0.9,09.01.2023
Kenneth Walker III,,,,,,229.1,"1,042.7",8.3,0.4,174.4,SEA,RB,25.9,174.5,0.6,09.01.2023
Rhamondre Stevenson,,,,,,208.8,959.2,5.9,1.0,174.3,NE,RB,51.3,366.1,1.4,09.01.2023
Alexander Mattison,,,,,,216.1,932.9,8.0,0.9,172.4,MIN,RB,33.6,232.0,1.6,09.01.2023
James Conner,,,,,,214.3,919.2,6.9,0.8,169.3,ARI,RB,41.2,305.8,1.2,09.01.2023
Dameon Pierce,,,,,,260.8,"1,087.4",5.9,2.1,168.2,HOU,RB,32.4,215.6,1.1,09.01.2023
Jahmyr Gibbs,,,,,,179.7,789.8,6.6,1.5,163.0,DET,RB,44.6,353.3,2.0,09.01.2023
J.K. Dobbins,,,,,,175.2,921.1,7.1,0.4,162.2,BAL,RB,24.9,178.1,1.8,09.01.2023
Miles Sanders,,,,,,218.4,"1,016.5",6.1,1.4,161.0,CAR,RB,29.8,209.2,0.8,09.01.2023
Breece Hall,,,,,,173.8,827.7,5.6,1.1,158.4,NYJ,RB,36.2,328.5,1.9,09.01.2023
Isiah Pacheco,,,,,,196.6,945.6,7.0,1.9,157.3,KC,RB,24.4,200.8,0.7,09.01.2023
Cam Akers,,,,,,233.4,985.8,6.4,2.2,156.7,LAR,RB,24.0,200.1,0.7,09.01.2023
Jonathan Taylor,,,,,,202.1,969.1,6.1,1.7,151.6,IND,RB,25.1,177.4,0.7,09.01.2023
Rachaad White,,,,,,204.7,836.0,4.5,2.7,151.3,TB,RB,48.5,343.9,1.9,09.01.2023
David Montgomery,,,,,,195.7,785.6,6.4,1.0,149.7,DET,RB,33.4,278.4,1.2,09.01.2023
James Cook,,,,,,165.3,840.9,4.9,1.5,148.5,BUF,RB,35.5,271.9,1.8,09.01.2023
Javonte Williams,,,,,,177.4,820.2,4.9,1.6,143.4,DEN,RB,36.6,258.5,1.6,09.01.2023
Alvin Kamara,,,,,,174.6,719.2,3.6,1.3,138.7,NO,RB,41.6,370.2,1.8,09.01.2023
Khalil Herbert,,,,,,173.4,854.3,5.1,0.4,133.8,CHI,RB,20.9,139.4,0.8,09.01.2023
AJ Dillon,,,,,,170.0,749.1,5.9,0.7,133.0,GB,RB,25.1,198.6,0.7,09.01.2023
Dalvin Cook,,,,,,182.7,784.9,4.9,1.6,131.8,NYJ,RB,28.1,211.3,1.0,09.01.2023
Brian Robinson Jr.,,,,,,213.0,898.6,4.4,0.5,130.5,WAS,RB,16.2,105.5,0.8,09.01.2023
D'Andre Swift,,,,,,117.9,555.1,4.8,0.8,126.1,PHI,RB,40.0,329.0,1.8,09.01.2023
Raheem Mostert,,,,,,147.2,735.8,4.0,1.0,121.9,MIA,RB,28.2,192.5,1.2,09.01.2023
Jamaal Williams,,,,,,157.5,728.7,5.9,0.9,121.8,NO,RB,16.6,118.6,0.5,09.01.2023
Samaje Perine,,,,,,155.7,651.9,4.0,0.4,120.9,DEN,RB,29.1,232.9,1.5,09.01.2023
Antonio Gibson,,,,,,143.3,574.9,3.8,1.1,118.0,WAS,RB,42.6,311.8,1.4,09.01.2023
Rashaad Penny,,,,,,152.0,734.2,5.0,0.7,108.8,PHI,RB,8.3,55.8,0.2,09.01.2023
Tyler Allgeier,,,,,,148.0,689.3,3.4,0.3,100.0,ATL,RB,12.2,92.6,0.4,09.01.2023
Elijah Mitchell,,,,,,140.7,625.9,4.0,0.3,99.4,SF,RB,12.8,92.6,0.8,09.01.2023
Zach Charbonnet,,,,,,124.6,536.7,3.5,1.0,94.7,SEA,RB,22.3,179.3,0.7,09.01.2023
Ezekiel Elliott,,,,,,140.1,555.8,4.3,0.8,94.7,NE,RB,16.6,120.3,0.5,09.01.2023
Jaylen Warren,,,,,,114.5,509.6,2.9,0.4,91.4,PIT,RB,25.0,208.9,0.5,09.01.2023
Damien Harris,,,,,,119.2,534.5,3.7,0.7,88.6,BUF,RB,17.3,117.7,0.4,09.01.2023
Chuba Hubbard,,,,,,112.2,524.5,3.1,0.7,88.0,CAR,RB,17.6,154.7,0.5,09.01.2023
D'Onta Foreman,,,,,,126.1,624.4,3.2,0.6,86.7,CHI,RB,7.0,51.0,0.2,09.01.2023
Kenneth Gainwell,,,,,,96.0,418.4,3.9,0.3,85.7,PHI,RB,22.1,170.4,0.7,09.01.2023
Jerick McKinnon,,,,,,61.2,239.2,1.7,0.2,84.8,KC,RB,37.7,325.4,3.0,09.01.2023
Devin Singletary,,,,,,125.3,521.1,2.7,1.2,84.2,HOU,RB,22.7,162.9,0.4,09.01.2023
De'Von Achane,,,,,,110.6,449.8,3.0,0.9,83.3,MIA,RB,20.1,169.3,0.9,09.01.2023
Jeff Wilson Jr.,,,,,,117.1,476.2,3.2,1.0,83.0,MIA,RB,15.7,126.7,0.9,09.01.2023
Gus Edwards,,,,,,117.6,576.3,3.2,1.0,81.9,BAL,RB,6.9,61.8,0.2,09.01.2023
Tank Bigsby,,,,,,111.5,444.0,2.8,0.9,78.5,JAC,RB,17.9,145.0,0.7,09.01.2023
Zack Moss,,,,,,74.3,468.6,2.4,0.7,71.7,IND,RB,13.6,93.4,0.4,09.01.2023
Tyjae Spears,,,,,,98.5,388.2,2.0,0.9,66.7,TEN,RB,16.6,138.1,0.6,09.01.2023
Kendre Miller,,,,,,86.0,366.1,2.1,0.9,66.2,NO,RB,16.4,143.5,0.7,09.01.2023
Kyren Williams,,,,,,96.8,391.5,1.8,0.6,65.2,LAR,RB,17.3,140.2,0.4,09.01.2023
Joshua Kelley,,,,,,93.6,381.5,2.3,0.9,63.9,LAC,RB,14.7,120.4,0.3,09.01.2023
Cordarrelle Patterson,,,,,,69.6,299.4,2.3,0.2,63.8,ATL,RB,19.2,157.0,0.8,09.01.2023
Chase Edmonds,,,,,,74.1,330.6,1.6,0.4,62.6,TB,RB,20.2,160.1,0.8,09.01.2023
Jerome Ford,,,,,,101.2,376.6,1.9,0.8,60.7,CLE,RB,10.7,103.0,0.5,09.01.2023
Ty Chandler,,,,,,96.2,342.4,2.1,0.8,60.3,MIN,RB,13.7,114.6,0.6,09.01.2023
Clyde Edwards-Helaire,,,,,,70.7,309.0,2.1,0.3,60.1,KC,RB,13.6,118.0,0.9,09.01.2023
Deon Jackson,,,,,,77.9,283.1,1.6,0.8,59.7,IND,RB,25.9,175.3,1.0,09.01.2023
Keaontay Ingram,,,,,,81.5,333.3,2.0,0.4,55.9,ARI,RB,14.4,100.0,0.3,09.01.2023
Roschon Johnson,,,,,,93.9,341.4,1.8,0.7,55.2,CHI,RB,8.2,90.2,0.5,09.01.2023
Deuce Vaughn,,,,,,69.1,295.0,1.9,0.8,53.5,DAL,RB,14.1,107.5,0.6,09.01.2023
Chase Brown,,,,,,56.8,239.8,1.4,0.8,46.6,CIN,RB,14.9,125.5,0.5,09.01.2023
Evan Hull,,,,,,69.6,273.5,1.4,0.3,45.6,IND,RB,9.5,86.5,0.3,09.01.2023
Latavius Murray,,,,,,57.1,275.5,1.5,0.0,45.1,BUF,RB,10.3,71.0,0.2,09.01.2023
Matt Breida,,,,,,56.0,247.1,1.2,0.8,41.0,NYG,RB,12.2,94.5,0.2,09.01.2023
Isaiah Spiller,,,,,,63.2,246.4,1.1,0.3,38.3,LAC,RB,7.9,63.6,0.2,09.01.2023
Zach Evans,,,,,,52.5,204.6,1.2,0.5,37.0,LAR,RB,8.9,80.0,0.4,09.01.2023
Zamir White,,,,,,58.7,226.3,1.6,0.2,36.6,LV,RB,6.5,31.0,0.2,09.01.2023
Sean Tucker,,,,,,54.3,213.5,0.8,0.3,36.5,TB,RB,11.7,87.4,0.3,09.01.2023
Pierre Strong Jr.,,,,,,42.6,204.6,1.1,0.2,35.8,CLE,RB,8.4,76.0,0.3,09.01.2023
Rico Dowdle,,,,,,55.3,209.0,1.3,0.2,35.0,DAL,RB,6.8,50.8,0.2,09.01.2023
JaMycal Hasty,,,,,,37.0,177.8,1.0,0.2,35.0,JAC,RB,13.2,91.9,0.4,09.01.2023
Trayveon Williams,,,,,,58.0,219.5,0.9,0.9,34.5,CIN,RB,10.0,71.1,0.3,09.01.2023
Michael Carter,,,,,,42.4,161.8,0.7,0.2,33.8,NYJ,RB,12.6,114.1,0.4,09.01.2023
Ronald Jones II,,,,,,58.5,234.7,1.2,0.4,33.8,DAL,RB,2.7,35.2,0.1,09.01.2023
Ke'Shawn Vaughn,,,,,,52.3,206.6,1.3,0.6,32.6,TB,RB,6.9,43.4,0.2,09.01.2023
Jordan Mason,,,,,,53.4,234.6,0.9,0.1,32.3,SF,RB,2.8,30.0,0.1,09.01.2023
Myles Gaskin,,,,,,35.0,158.3,0.6,0.4,29.9,MIN,RB,14.8,87.3,0.4,09.01.2023
Ameer Abdullah,,,,,,27.2,94.5,0.4,0.1,28.8,LV,RB,18.8,136.2,0.6,09.01.2023
Chris Rodriguez Jr.,,,,,,38.3,162.5,0.9,0.2,28.8,WAS,RB,10.0,64.0,0.2,09.01.2023
Raheem Blackshear,,,,,,30.0,113.6,1.2,0.4,27.9,CAR,RB,11.9,83.7,0.3,09.01.2023
Craig Reynolds,,,,,,27.9,131.5,0.8,0.1,27.8,DET,RB,11.2,78.2,0.4,09.01.2023
Eric Gray,,,,,,50.4,170.2,0.7,0.6,27.5,NYG,RB,6.2,55.9,0.3,09.01.2023
Zonovan Knight,,,,,,56.1,179.1,0.5,0.2,27.4,DET,RB,9.3,62.9,0.2,09.01.2023
Chris Evans,,,,,,34.2,128.8,0.5,0.2,27.4,CIN,RB,10.7,88.7,0.5,09.01.2023
Melvin Gordon III,,,,,,33.3,153.0,0.6,0.8,26.7,BAL,RB,11.2,78.9,0.3,09.01.2023
Owen Wright,,,,,,0.0,145.0,1.1,0.2,25.9,BAL,RB,6.5,41.2,0.2,09.01.2023
DeeJay Dallas,,,,,,19.3,120.0,0.6,0.1,25.8,SEA,RB,11.2,87.3,0.3,09.01.2023
Malik Davis,,,,,,53.6,191.9,0.0,0.3,25.2,DAL,RB,0.0,66.5,0.0,09.01.2023
Hassan Haskins,,,,,,45.9,144.3,0.4,0.2,25.1,TEN,RB,12.8,74.1,0.2,09.01.2023
Anthony McFarland Jr.,,,,,,22.8,132.5,0.7,0.1,24.6,PIT,RB,9.5,58.3,0.2,09.01.2023
Salvon Ahmed,,,,,,33.9,130.7,0.6,0.0,24.1,MIA,RB,7.6,61.0,0.2,09.01.2023
Boston Scott,,,,,,30.1,137.0,1.1,0.2,23.4,PHI,RB,3.6,31.5,0.1,09.01.2023
Tyrion Davis-Price,,,,,,29.8,146.8,0.7,0.2,22.8,SF,RB,3.7,37.7,0.1,09.01.2023
Jaleel McLaughlin,,,,,,19.4,118.3,0.8,0.1,21.1,DEN,RB,6.2,35.7,0.2,09.01.2023
Mike Boone,,,,,,22.2,112.1,0.5,0.0,20.7,HOU,RB,8.8,51.6,0.2,09.01.2023
Kene Nwangwu,,,,,,35.9,114.3,0.7,0.2,20.7,MIN,RB,6.3,43.0,0.2,09.01.2023
Emari Demercado,,,,,,32.4,110.8,0.7,0.1,20.6,ARI,RB,8.0,45.6,0.2,09.01.2023
Kyle Juszczyk,,,,,,9.1,30.6,0.4,0.0,20.1,SF,RB,13.1,111.1,0.6,09.01.2023
Ty Montgomery II,,,,,,15.8,48.7,0.3,0.1,20.1,NE,RB,15.5,110.7,0.4,09.01.2023
Tyler Badie,,,,,,15.2,95.9,0.5,0.1,19.8,DEN,RB,14.7,58.4,0.2,09.01.2023
Gary Brightwell,,,,,,24.0,113.6,0.8,0.1,19.8,NYG,RB,5.0,30.5,0.1,09.01.2023
Julius Chestnut,,,,,,24.4,95.2,0.6,0.1,19.7,TEN,RB,8.1,56.2,0.2,09.01.2023
Brandon Bolden,,,,,,18.6,79.2,0.5,0.1,19.4,LV,RB,7.4,63.0,0.4,09.01.2023
D'Ernest Johnson,,,,,,30.5,125.9,0.4,0.0,19.1,JAC,RB,4.8,36.1,0.1,09.01.2023
Travis Homer,,,,,,18.0,92.6,0.3,0.1,18.8,CHI,RB,7.5,67.3,0.2,09.01.2023
Tony Jones Jr.,,,,,,30.8,103.6,0.7,0.1,18.7,NO,RB,8.0,36.7,0.1,09.01.2023
Israel Abanikanda,,,,,,48.9,127.7,0.4,0.1,18.7,NYJ,RB,1.5,38.0,0.0,09.01.2023
Dare Ogunbowale,,,,,,21.5,82.6,0.6,0.0,18.1,HOU,RB,9.1,55.1,0.2,09.01.2023
Justice Hill,,,,,,25.0,113.3,0.4,0.2,17.5,BAL,RB,6.3,36.3,0.1,09.01.2023
Kenny McIntosh,,,,,,33.5,97.5,0.5,0.1,15.8,SEA,RB,3.0,32.0,0.0,09.01.2023
Jason Huntley,,,,,,0.0,78.9,0.5,0.1,15.7,IND,RB,4.7,42.5,0.2,09.01.2023
Corey Clement,,,,,,12.5,80.0,0.4,0.0,14.9,ARI,RB,5.7,38.4,0.1,09.01.2023
Deneric Prince,,,,,,24.4,85.4,0.3,0.1,14.2,KC,RB,4.5,37.7,0.1,09.01.2023
Keaton Mitchell,,,,,,20.2,73.7,0.4,0.1,14.1,BAL,RB,5.3,34.3,0.2,09.01.2023
Kevin Harris,,,,,,29.6,96.2,0.4,0.1,14.0,NE,RB,2.9,20.1,0.1,09.01.2023
Ty Johnson,,,,,,12.0,54.1,0.2,0.1,13.8,BUF,RB,8.3,57.6,0.3,09.01.2023
Jake Funk,,,,,,23.2,68.5,0.5,0.1,13.7,IND,RB,4.1,31.1,0.2,09.01.2023
Snoop Conner,,,,,,15.2,94.7,0.5,0.1,13.6,JAC,RB,2.2,9.3,0.1,09.01.2023
DeWayne McBride,,,,,,29.9,92.1,0.2,0.1,13.4,MIN,RB,1.0,30.8,0.0,09.01.2023
Kirk Merritt,,,,,,9.1,38.8,0.3,0.1,13.1,NO,RB,7.4,58.0,0.3,09.01.2023
Alec Ingold,,,,,,4.9,13.3,0.1,0.0,11.8,MIA,RB,12.0,73.0,0.4,09.01.2023
Hunter Luepke,,,,,,9.0,33.4,0.4,0.0,11.5,DAL,RB,6.9,31.4,0.4,09.01.2023
C.J. Ham,,,,,,5.8,16.9,0.3,0.0,11.2,MIN,RB,9.6,63.4,0.2,09.01.2023
Spencer Brown,,,,,,12.0,52.5,0.4,0.1,10.9,CAR,RB,4.0,28.8,0.1,09.01.2023
Demetric Felton Jr.,,,,,,11.8,41.4,0.1,0.1,9.4,CIN,RB,5.8,36.7,0.1,09.01.2023
Royce Freeman,,,,,,0.0,57.7,0.3,0.1,9.4,LAR,RB,4.2,14.4,0.1,09.01.2023
Ronnie Rivers,,,,,,14.3,45.3,0.1,0.1,8.7,LAR,RB,4.4,28.2,0.1,09.01.2023
Jason Cabinda,,,,,,9.1,22.4,0.2,0.0,8.2,DET,RB,4.4,33.3,0.3,09.01.2023
Patrick Ricard,,,,,,5.8,16.6,0.1,0.4,7.5,BAL,RB,7.2,43.1,0.3,09.01.2023
Godwin Igwebuike,,,,,,0.0,7.8,0.1,0.0,7.4,ATL,RB,6.6,47.3,0.2,09.01.2023
Elijah Dotson,,,,,,7.9,32.9,0.3,0.0,7.0,LAC,RB,4.5,16.0,0.1,09.01.2023
Giovanni Ricci,,,,,,4.7,19.7,0.2,0.0,7.0,CAR,RB,4.1,30.0,0.2,09.01.2023
Chris Brooks,,,,,,15.0,42.8,0.1,0.1,6.6,MIA,RB,2.0,14.3,0.0,09.01.2023
Reggie Gilliam,,,,,,2.2,9.3,0.1,0.0,6.3,BUF,RB,9.0,32.8,0.3,09.01.2023
Emanuel Wilson,,,,,,15.0,45.0,0.0,0.1,6.0,GB,RB,0.0,16.7,0.0,09.01.2023
Henry Pearson,,,,,,0.0,13.1,0.1,0.0,4.9,GB,RB,3.7,16.4,0.2,09.01.2023
Jakob Johnson,,,,,,8.3,19.0,0.1,0.1,4.7,LV,RB,4.6,18.5,0.1,09.01.2023
Adam Prentice,,,,,,2.4,13.6,0.1,0.0,4.5,NO,RB,4.3,17.8,0.1,09.01.2023
Patrick Taylor Jr.,,,,,,0.0,25.4,0.2,0.0,4.4,GB,RB,1.1,4.1,0.0,09.01.2023
Michael Burton,,,,,,4.7,14.7,0.1,0.0,4.2,DEN,RB,3.6,14.0,0.1,09.01.2023
Khari Blasingame,,,,,,5.7,13.5,0.1,0.0,4.0,CHI,RB,2.6,12.3,0.1,09.01.2023
Jack Colletto,,,,,,0.0,7.3,0.1,0.0,3.9,SF,RB,3.6,16.3,0.2,09.01.2023
Avery Williams,,,,,,2.7,11.6,0.1,0.0,3.3,ATL,RB,3.4,11.0,0.1,09.01.2023
Nick Bellore,,,,,,4.4,9.3,0.0,0.0,3.1,SEA,RB,2.3,15.8,0.1,09.01.2023
Keith Smith,,,,,,2.7,8.3,0.1,0.0,2.5,ATL,RB,2.7,7.6,0.1,09.01.2023
Nick Bawden,,,,,,0.0,2.2,0.1,0.0,2.3,NYJ,RB,2.9,9.2,0.1,09.01.2023
La'Mical Perine,,,,,,0.0,0.0,0.0,0.0,0.0,KC,RB,0.0,0.0,0.0,09.01.2023
Justin Jefferson,,,,,,3.8,19.4,0.3,0.3,207.8,MIN,WR,111.3,"1,540.5",8.4,09.01.2023
Ja'Marr Chase,,,,,,5.0,24.1,0.1,1.1,203.1,CIN,WR,105.9,"1,397.6",10.4,09.01.2023
Tyreek Hill,,,,,,9.3,55.7,0.5,0.4,195.6,MIA,WR,106.3,"1,402.9",7.9,09.01.2023
Cooper Kupp,,,,,,8.1,73.8,0.8,0.8,192.1,LAR,WR,105.5,"1,318.0",8.3,09.01.2023
CeeDee Lamb,,,,,,8.9,56.7,0.3,0.3,184.6,DAL,WR,99.3,"1,308.4",7.8,09.01.2023
Davante Adams,,,,,,1.8,7.7,0.1,0.3,179.7,LV,WR,94.2,"1,276.1",8.6,09.01.2023
Stefon Diggs,,,,,,0.6,3.4,0.0,0.4,179.0,BUF,WR,97.2,"1,283.5",8.5,09.01.2023
A.J. Brown,,,,,,0.3,4.1,0.1,0.6,171.6,PHI,WR,77.9,"1,211.4",8.5,09.01.2023
Jaylen Waddle,,,,,,4.1,34.5,0.2,0.7,160.9,MIA,WR,80.6,"1,176.1",6.6,09.01.2023
Amon-Ra St. Brown,,,,,,8.2,64.2,0.5,0.2,159.7,DET,WR,101.2,"1,156.5",5.8,09.01.2023
Garrett Wilson,,,,,,2.5,6.4,0.0,0.8,157.5,NYJ,WR,85.3,"1,176.1",6.8,09.01.2023
Deebo Samuel,,,,,,42.7,251.2,2.4,1.4,151.2,SF,WR,69.1,899.7,4.1,09.01.2023
Chris Olave,,,,,,0.0,0.1,0.0,1.3,150.3,NO,WR,82.8,"1,175.1",5.9,09.01.2023
Tee Higgins,,,,,,0.5,2.5,0.0,0.3,148.7,CIN,WR,80.4,"1,086.6",6.7,09.01.2023
Christian Watson,,,,,,8.6,69.6,1.0,0.2,147.5,GB,WR,69.4,971.3,6.3,09.01.2023
DK Metcalf,,,,,,0.1,1.1,0.0,0.8,145.6,SEA,WR,82.9,"1,030.9",7.3,09.01.2023
Amari Cooper,,,,,,0.5,1.6,0.0,0.1,145.0,CLE,WR,72.7,"1,028.5",7.0,09.01.2023
DeVonta Smith,,,,,,0.0,0.1,0.0,0.6,143.2,PHI,WR,83.3,"1,058.3",6.4,09.01.2023
Calvin Ridley,,,,,,2.3,7.8,0.0,0.5,142.6,JAC,WR,80.7,"1,028.8",6.6,09.01.2023
DJ Moore,,,,,,6.0,37.1,0.1,0.3,138.7,CHI,WR,67.5,955.9,6.6,09.01.2023
Mike Evans,,,,,,0.0,6.8,0.0,0.1,135.4,TB,WR,71.3,998.9,5.9,09.01.2023
Mike Williams,,,,,,1.0,4.5,0.0,0.1,135.2,LAC,WR,70.3,984.6,6.1,09.01.2023
Keenan Allen,,,,,,1.3,7.5,0.0,0.7,134.9,LAC,WR,90.7,"1,006.7",5.8,09.01.2023
Terry McLaurin,,,,,,3.3,20.2,0.1,0.2,132.5,WAS,WR,72.2,"1,017.4",4.8,09.01.2023
Christian Kirk,,,,,,3.5,21.2,0.1,0.5,129.6,JAC,WR,74.2,923.5,5.9,09.01.2023
DeAndre Hopkins,,,,,,0.1,1.1,0.0,0.7,129.4,TEN,WR,78.6,988.1,5.3,09.01.2023
Tyler Lockett,,,,,,0.2,0.7,0.0,0.6,125.6,SEA,WR,76.2,914.6,5.9,09.01.2023
Brandon Aiyuk,,,,,,2.8,18.6,0.2,0.6,125.1,SF,WR,64.9,900.9,5.5,09.01.2023
Jerry Jeudy,,,,,,1.5,14.2,0.0,0.2,124.8,DEN,WR,66.4,953.6,4.7,09.01.2023
Drake London,,,,,,0.0,0.1,0.0,1.8,123.1,ATL,WR,75.8,938.8,5.5,09.01.2023
Jahan Dotson,,,,,,3.0,10.8,0.1,0.2,122.9,WAS,WR,60.4,850.0,6.1,09.01.2023
Chris Godwin,,,,,,2.7,13.4,0.1,0.7,122.7,TB,WR,89.7,973.0,4.1,09.01.2023
Gabe Davis,,,,,,0.1,0.7,0.0,0.4,121.1,BUF,WR,51.6,827.0,6.5,09.01.2023
George Pickens,,,,,,2.8,18.0,0.4,0.2,121.1,PIT,WR,57.7,855.6,5.3,09.01.2023
Diontae Johnson,,,,,,4.5,25.5,0.0,0.5,120.2,PIT,WR,81.0,923.9,4.4,09.01.2023
Marquise Brown,,,,,,1.4,8.5,0.0,0.3,120.2,ARI,WR,76.7,906.0,4.8,09.01.2023
Michael Pittman Jr.,,,,,,2.4,22.0,0.0,0.5,114.8,IND,WR,77.4,881.2,4.2,09.01.2023
Brandin Cooks,,,,,,3.0,19.5,0.1,0.1,113.4,DAL,WR,62.5,821.9,4.8,09.01.2023
Jordan Addison,,,,,,2.5,14.1,0.1,0.7,111.6,MIN,WR,60.5,812.3,5.0,09.01.2023
Courtland Sutton,,,,,,0.5,2.7,0.0,0.1,110.4,DEN,WR,62.4,840.7,4.4,09.01.2023
Treylon Burks,,,,,,6.9,52.6,0.1,0.2,108.6,TEN,WR,58.3,793.4,4.0,09.01.2023
Zay Flowers,,,,,,2.1,15.0,0.1,0.7,105.0,BAL,WR,55.0,754.0,4.8,09.01.2023
Michael Thomas,,,,,,0.3,1.1,0.0,0.2,104.1,NO,WR,67.5,770.9,4.5,09.01.2023
Jaxon Smith-Njigba,,,,,,1.2,8.6,0.0,0.7,103.3,SEA,WR,56.2,765.7,4.5,09.01.2023
JuJu Smith-Schuster,,,,,,0.2,1.0,0.1,0.7,103.0,NE,WR,73.7,807.5,3.9,09.01.2023
Nico Collins,,,,,,0.0,0.2,0.0,0.1,98.6,HOU,WR,57.5,725.0,4.4,09.01.2023
Allen Lazard,,,,,,2.1,12.4,0.0,0.1,98.2,NYJ,WR,54.6,688.4,4.7,09.01.2023
Odell Beckham Jr.,,,,,,1.6,19.1,0.2,0.2,97.2,BAL,WR,51.1,676.4,4.4,09.01.2023
Jakobi Meyers,,,,,,1.1,3.7,0.0,0.7,97.1,LV,WR,62.6,750.2,3.8,09.01.2023
Skyy Moore,,,,,,5.6,34.9,0.2,2.1,96.5,KC,WR,57.1,703.7,4.3,09.01.2023
DJ Chark Jr.,,,,,,0.1,1.4,0.0,0.1,95.2,CAR,WR,46.6,720.8,3.9,09.01.2023
Tyler Boyd,,,,,,1.5,8.9,0.0,0.2,95.2,CIN,WR,58.2,712.7,3.9,09.01.2023
Michael Gallup,,,,,,0.0,0.2,0.0,0.1,93.3,DAL,WR,50.1,660.0,4.6,09.01.2023
Darnell Mooney,,,,,,2.0,9.9,0.1,0.1,92.3,CHI,WR,52.8,672.4,4.0,09.01.2023
Zay Jones,,,,,,1.9,8.5,0.0,0.2,92.1,JAC,WR,61.3,675.2,4.0,09.01.2023
Marquez Valdes-Scantling,,,,,,0.7,1.9,0.0,0.1,91.6,KC,WR,41.9,674.9,4.0,09.01.2023
Romeo Doubs,,,,,,0.7,6.4,0.0,0.7,90.1,GB,WR,55.9,658.0,4.2,09.01.2023
Jonathan Mingo,,,,,,1.3,12.8,0.1,0.4,89.4,CAR,WR,48.7,674.7,3.5,09.01.2023
DeVante Parker,,,,,,0.0,0.2,0.0,0.1,89.2,NE,WR,46.8,669.5,3.7,09.01.2023
Adam Thielen,,,,,,0.6,4.0,0.0,0.1,89.2,CAR,WR,54.3,633.3,4.2,09.01.2023
Quentin Johnston,,,,,,2.4,14.1,0.1,0.7,89.0,LAC,WR,47.0,663.3,3.7,09.01.2023
Kadarius Toney,,,,,,10.2,86.0,1.1,0.6,88.6,KC,WR,43.9,521.8,3.7,09.01.2023
Rondale Moore,,,,,,14.2,62.5,0.2,0.4,88.2,ARI,WR,65.9,686.6,2.2,09.01.2023
Curtis Samuel,,,,,,27.1,146.0,0.9,0.5,85.2,WAS,WR,47.9,511.6,2.5,09.01.2023
Van Jefferson,,,,,,0.7,5.0,0.0,0.1,83.8,LAR,WR,42.0,605.3,3.8,09.01.2023
Elijah Moore,,,,,,6.2,31.0,0.3,0.1,83.4,CLE,WR,44.5,598.8,3.2,09.01.2023
K.J. Osborn,,,,,,2.9,14.3,0.1,0.2,83.3,MIN,WR,49.5,563.7,4.2,09.01.2023
Donovan Peoples-Jones,,,,,,0.4,0.5,0.0,0.6,81.4,CLE,WR,43.4,640.3,3.1,09.01.2023
Jayden Reed,,,,,,3.4,21.0,0.1,0.7,80.8,GB,WR,46.8,607.1,3.1,09.01.2023
Rashod Bateman,,,,,,0.0,0.2,0.0,0.9,79.1,BAL,WR,41.1,619.6,3.1,09.01.2023
Hunter Renfrow,,,,,,0.4,3.7,0.0,0.6,79.1,LV,WR,61.1,595.9,3.4,09.01.2023
Mecole Hardman Jr.,,,,,,7.8,54.2,0.7,0.7,79.1,NYJ,WR,44.5,522.4,3.1,09.01.2023
Marvin Mims Jr.,,,,,,1.2,9.2,0.0,0.7,78.8,DEN,WR,44.2,599.5,3.2,09.01.2023
Jameson Williams,,,,,,1.9,20.7,0.1,0.5,77.4,DET,WR,37.5,570.1,3.1,09.01.2023
Alec Pierce,,,,,,0.0,0.2,0.0,0.1,77.0,IND,WR,42.0,615.3,2.6,09.01.2023
Isaiah Hodgins,,,,,,0.0,0.6,0.0,0.6,74.6,NYG,WR,44.9,498.6,4.3,09.01.2023
Rashid Shaheed,,,,,,3.6,41.2,0.7,0.1,72.8,NO,WR,33.6,516.3,2.1,09.01.2023
Kendrick Bourne,,,,,,5.2,37.0,0.2,0.3,72.8,NE,WR,44.7,542.1,2.4,09.01.2023
Darius Slayton,,,,,,0.5,1.8,0.0,0.5,69.6,NYG,WR,38.1,562.1,2.4,09.01.2023
Robert Woods,,,,,,4.0,19.9,0.2,0.4,69.6,HOU,WR,52.7,525.4,2.5,09.01.2023
Chase Claypool,,,,,,5.4,36.6,0.2,0.5,68.8,CHI,WR,35.9,491.7,2.6,09.01.2023
Marvin Jones Jr.,,,,,,0.1,0.5,0.0,0.1,68.3,DET,WR,38.7,494.4,3.2,09.01.2023
Mack Hollins,,,,,,0.4,11.8,0.1,0.2,66.4,ATL,WR,42.1,489.3,2.7,09.01.2023
Rashee Rice,,,,,,1.1,7.6,0.0,0.4,65.7,KC,WR,33.4,477.1,3.0,09.01.2023
John Metchie III,,,,,,0.8,7.2,0.0,0.2,63.9,HOU,WR,38.6,487.9,2.4,09.01.2023
Joshua Palmer,,,,,,0.5,1.9,0.0,0.1,62.1,LAC,WR,41.3,483.0,2.3,09.01.2023
Allen Robinson II,,,,,,0.1,0.4,0.0,0.1,62.1,PIT,WR,38.8,466.4,2.6,09.01.2023
Parris Campbell,,,,,,3.3,34.2,0.1,0.3,61.0,NYG,WR,38.3,437.7,2.3,09.01.2023
Russell Gage,,,,,,0.7,1.8,0.0,0.3,60.5,TB,WR,60.5,498.1,1.8,09.01.2023
Wan'Dale Robinson,,,,,,2.7,13.4,0.1,0.5,59.2,NYG,WR,40.0,463.5,2.0,09.01.2023
Josh Reynolds,,,,,,0.2,0.4,0.0,0.2,54.9,DET,WR,30.6,414.1,2.3,09.01.2023
Jalin Hyatt,,,,,,1.1,8.2,0.0,0.4,54.5,NYG,WR,30.1,420.7,2.0,09.01.2023
Nick Westbrook-Ikhine,,,,,,0.0,0.4,0.0,0.2,54.0,TEN,WR,29.1,398.9,2.4,09.01.2023
Tank Dell,,,,,,1.0,6.5,0.0,0.6,51.9,HOU,WR,30.9,419.9,1.7,09.01.2023
Isaiah McKenzie,,,,,,7.9,48.6,0.2,0.1,51.8,IND,WR,33.3,350.2,1.8,09.01.2023
Michael Wilson,,,,,,0.5,6.2,0.0,0.2,50.7,ARI,WR,34.2,413.1,1.5,09.01.2023
Tyquan Thornton,,,,,,2.7,10.6,0.9,0.0,49.1,NE,WR,24.0,321.1,1.8,09.01.2023
Terrace Marshall Jr.,,,,,,0.0,0.1,0.0,0.1,48.7,CAR,WR,25.1,397.5,1.5,09.01.2023
Greg Dortch,,,,,,5.9,43.1,0.1,0.5,47.5,ARI,WR,35.8,354.6,1.4,09.01.2023
Sterling Shepard,,,,,,2.5,15.4,0.1,0.1,47.1,NYG,WR,30.5,349.4,1.7,09.01.2023
Josh Downs,,,,,,0.8,6.7,0.0,0.2,47.1,IND,WR,25.8,368.6,1.6,09.01.2023
Tutu Atwell,,,,,,7.1,34.8,0.4,0.2,46.9,LAR,WR,23.4,337.2,1.3,09.01.2023
Khalil Shakir,,,,,,1.1,6.3,0.1,0.2,46.4,BUF,WR,24.2,362.5,1.6,09.01.2023
Randall Cobb,,,,,,0.2,0.6,0.0,0.2,45.5,NYJ,WR,30.7,341.3,2.0,09.01.2023
Ben Skowronek,,,,,,0.4,4.9,0.3,0.0,45.5,LAR,WR,33.5,348.7,1.4,09.01.2023
Trey Palmer,,,,,,0.4,5.2,0.1,0.1,44.5,TB,WR,30.2,348.2,1.5,09.01.2023
Laviska Shenault Jr.,,,,,,16.6,84.3,0.7,0.2,43.0,CAR,WR,21.8,258.6,0.9,09.01.2023
Braxton Berrios,,,,,,1.6,18.7,0.3,0.3,42.8,MIA,WR,27.1,306.0,1.5,09.01.2023
Marquez Callaway,,,,,,0.0,0.5,0.0,0.0,39.7,LV,WR,34.8,293.0,1.7,09.01.2023
Deonte Harty,,,,,,2.6,17.5,0.1,0.4,37.6,BUF,WR,23.9,285.7,1.3,09.01.2023
Richie James Jr.,,,,,,0.5,1.4,0.0,1.2,37.2,KC,WR,20.8,288.4,1.8,09.01.2023
Cedrick Wilson Jr.,,,,,,0.3,0.7,0.0,0.1,37.2,MIA,WR,26.6,281.3,1.5,09.01.2023
Quez Watkins,,,,,,0.5,0.9,0.0,0.2,36.9,PHI,WR,19.5,290.4,1.4,09.01.2023
Cedric Tillman,,,,,,0.6,3.9,0.0,0.2,36.1,CLE,WR,17.4,294.3,1.1,09.01.2023
Puka Nacua,,,,,,0.6,4.5,0.0,0.2,35.9,LAR,WR,20.8,292.4,1.1,09.01.2023
Kalif Raymond,,,,,,2.4,23.6,0.2,0.2,35.9,DET,WR,20.7,250.0,1.3,09.01.2023
Jauan Jennings,,,,,,0.0,0.2,0.0,0.1,34.4,SF,WR,21.7,267.4,1.3,09.01.2023
Noah Brown,,,,,,0.1,0.4,0.0,0.2,33.8,HOU,WR,23.5,277.9,1.1,09.01.2023
Demario Douglas,,,,,,0.4,2.1,0.0,0.1,33.7,NE,WR,32.7,280.7,1.0,09.01.2023
Kayshon Boutte,,,,,,0.8,5.8,0.0,0.1,33.7,NE,WR,18.3,274.2,0.9,09.01.2023
Dyami Brown,,,,,,2.0,14.6,0.0,0.0,33.3,WAS,WR,13.3,217.1,1.7,09.01.2023
Olamide Zaccheaus,,,,,,0.6,2.2,0.0,0.3,32.7,PHI,WR,20.1,255.9,1.3,09.01.2023
Jamal Agnew,,,,,,5.9,52.6,0.3,0.2,31.8,JAC,WR,20.6,187.4,1.1,09.01.2023
Trent Sherfield,,,,,,0.0,0.6,0.0,0.1,31.1,BUF,WR,17.3,241.2,1.2,09.01.2023
Marquise Goodwin,,,,,,1.5,7.9,0.0,0.0,29.7,CLE,WR,14.9,208.0,1.3,09.01.2023
Xavier Hutchinson,,,,,,1.1,6.8,0.1,0.2,28.9,HOU,WR,0.0,274.4,0.1,09.01.2023
Deven Thompkins,,,,,,0.2,9.6,0.1,0.1,28.0,TB,WR,19.9,212.6,0.9,09.01.2023
Zach Pascal,,,,,,0.1,1.1,0.0,0.1,27.9,ARI,WR,20.9,215.5,1.1,09.01.2023
Kyle Philips,,,,,,0.7,3.7,0.0,0.2,27.7,TEN,WR,16.6,225.6,0.8,09.01.2023
Charlie Jones,,,,,,0.7,5.5,0.0,0.5,26.1,CIN,WR,15.8,203.3,1.0,09.01.2023
Demarcus Robinson,,,,,,0.0,0.2,0.0,0.1,25.8,LAR,WR,19.7,204.1,0.9,09.01.2023
Calvin Austin III,,,,,,0.4,3.7,0.0,0.1,25.4,PIT,WR,14.8,206.1,0.7,09.01.2023
Trenton Irwin,,,,,,0.1,1.3,0.0,0.1,25.0,CIN,WR,16.7,185.8,1.1,09.01.2023
KhaDarel Hodge,,,,,,0.0,3.0,0.0,0.1,24.5,ATL,WR,15.6,182.7,1.0,09.01.2023
Samori Toure,,,,,,0.6,4.1,0.0,0.1,23.5,GB,WR,14.0,182.3,0.8,09.01.2023
Cade Johnson,,,,,,0.0,1.7,0.0,0.0,23.3,SEA,WR,14.6,168.0,1.1,09.01.2023
Justyn Ross,,,,,,0.5,3.0,0.0,0.1,23.1,KC,WR,9.5,181.3,0.8,09.01.2023
Dontayvion Wicks,,,,,,0.3,4.2,0.0,0.1,22.8,GB,WR,17.0,176.5,0.8,09.01.2023
Justin Watson,,,,,,0.0,0.2,0.0,0.0,22.5,KC,WR,11.2,172.1,0.9,09.01.2023
Devin Duvernay,,,,,,4.5,41.4,0.2,0.1,21.5,BAL,WR,7.0,133.4,0.4,09.01.2023
Rakim Jarrett,,,,,,0.1,4.3,0.0,0.0,21.2,TB,WR,18.2,154.8,0.8,09.01.2023
Chris Moore,,,,,,0.2,2.4,0.0,0.0,21.2,TEN,WR,13.6,169.5,0.7,09.01.2023
Jalen Virgil,,,,,,0.0,0.0,0.0,0.0,20.6,DEN,WR,11.7,151.7,0.9,09.01.2023
Brandon Johnson,,,,,,0.1,1.8,0.0,0.1,19.7,DEN,WR,13.9,141.2,0.9,09.01.2023
Jalen Tolbert,,,,,,0.6,3.4,0.0,0.1,18.8,DAL,WR,8.4,151.9,0.6,09.01.2023
Britain Covey,,,,,,0.0,6.7,0.1,0.0,18.7,PHI,WR,8.4,130.4,0.8,09.01.2023
Amari Rodgers,,,,,,0.5,7.0,0.0,0.1,18.7,IND,WR,16.8,141.5,0.7,09.01.2023
David Bell,,,,,,0.0,0.2,0.0,0.0,18.4,CLE,WR,9.0,162.5,0.4,09.01.2023
Tre Nixon,,,,,,0.0,6.3,0.0,0.0,18.1,NE,WR,8.6,126.9,0.8,09.01.2023
DeAndre Carter,,,,,,0.5,7.3,0.0,0.2,18.1,LV,WR,11.1,141.4,0.6,09.01.2023
Equanimeous St. Brown,,,,,,1.1,12.3,0.0,0.0,16.8,CHI,WR,8.3,120.2,0.6,09.01.2023
Tre'Quan Smith,,,,,,0.0,0.3,0.0,0.0,16.8,NO,WR,9.9,127.4,0.7,09.01.2023
Jakeem Grant Sr.,,,,,,0.0,50.8,0.3,0.0,16.6,CLE,WR,7.3,79.7,0.3,09.01.2023
Brandon Powell,,,,,,2.7,31.5,0.1,0.2,16.5,MIN,WR,11.5,103.2,0.5,09.01.2023
Velus Jones Jr.,,,,,,1.9,36.2,0.2,0.1,16.5,CHI,WR,6.1,98.9,0.4,09.01.2023
Dee Eskridge,,,,,,3.3,25.5,0.1,0.1,15.9,SEA,WR,10.5,102.5,0.4,09.01.2023
Byron Pringle,,,,,,2.5,14.6,0.1,0.1,15.8,WAS,WR,12.0,113.4,0.4,09.01.2023
Parker Washington,,,,,,0.3,1.8,0.0,0.1,15.7,JAC,WR,10.5,130.1,0.4,09.01.2023
A.T. Perry,,,,,,0.6,2.7,0.0,0.1,15.5,NO,WR,4.7,133.5,0.3,09.01.2023
Tre Tucker,,,,,,0.2,5.2,0.0,0.0,15.4,LV,WR,10.4,117.5,0.5,09.01.2023
Derius Davis,,,,,,0.3,5.8,0.0,0.1,15.4,LAC,WR,12.9,117.7,0.5,09.01.2023
Nelson Agholor,,,,,,0.2,0.9,0.0,0.2,15.1,BAL,WR,5.4,133.3,0.4,09.01.2023
River Cracraft,,,,,,0.2,1.0,0.0,0.1,15.0,MIA,WR,10.4,113.2,0.6,09.01.2023
Jalen Nailor,,,,,,0.2,1.5,0.0,0.1,14.7,MIN,WR,9.1,107.6,0.7,09.01.2023
Malik Heath,,,,,,0.1,3.4,0.0,0.0,14.7,GB,WR,11.6,109.9,0.6,09.01.2023
Jason Brownlee,,,,,,0.1,2.4,0.0,0.0,14.4,NYJ,WR,10.7,106.7,0.6,09.01.2023
Ronnie Bell,,,,,,0.1,3.7,0.0,0.0,13.9,SF,WR,11.3,100.9,0.6,09.01.2023
Tyler Scott,,,,,,1.0,3.3,0.0,0.1,13.1,CHI,WR,0.5,128.4,0.0,09.01.2023
Scott Miller,,,,,,0.3,3.3,0.0,0.0,12.7,ATL,WR,7.8,101.6,0.3,09.01.2023
Erik Ezukanma,,,,,,0.2,1.2,0.0,0.1,12.5,MIA,WR,8.5,95.7,0.5,09.01.2023
Keith Kirkwood,,,,,,0.3,1.3,0.0,0.1,12.2,NO,WR,9.3,97.7,0.4,09.01.2023
Andrei Iosivas,,,,,,0.5,3.0,0.0,0.1,11.8,CIN,WR,0.0,117.3,0.0,09.01.2023
Phillip Dorsett II,,,,,,0.1,0.8,0.0,0.0,11.8,DEN,WR,8.7,87.4,0.5,09.01.2023
Ray-Ray McCloud III,,,,,,3.3,26.7,0.2,0.1,11.6,SF,WR,5.5,62.3,0.3,09.01.2023
Steven Sims Jr.,,,,,,0.7,30.6,0.2,0.1,11.2,HOU,WR,4.7,59.6,0.2,09.01.2023
Dareke Young,,,,,,0.2,1.0,0.0,0.1,10.9,SEA,WR,7.5,84.4,0.4,09.01.2023
Gunner Olszewski,,,,,,3.3,26.6,0.1,0.1,10.8,PIT,WR,4.8,63.2,0.2,09.01.2023
KaVontae Turpin,,,,,,1.8,10.3,0.1,0.0,10.7,DAL,WR,6.5,69.5,0.4,09.01.2023
Justin Shorter,,,,,,0.4,2.7,0.0,0.1,10.6,BUF,WR,0.0,105.5,0.0,09.01.2023
Jalen Reagor,,,,,,1.9,14.7,0.0,0.1,10.0,NE,WR,5.5,69.9,0.2,09.01.2023
Dante Pettis,,,,,,0.0,5.7,0.0,0.0,9.9,CHI,WR,6.1,74.8,0.3,09.01.2023
Cody Thompson,,,,,,0.0,1.3,0.0,0.0,9.7,SEA,WR,5.5,71.7,0.4,09.01.2023
Dax Milne,,,,,,2.8,11.6,0.1,0.4,9.5,WAS,WR,5.8,73.2,0.2,09.01.2023
Cole Beasley,,,,,,0.0,0.2,0.0,0.0,9.0,NYG,WR,5.7,66.7,0.4,09.01.2023
Jalen Guyton,,,,,,0.7,2.8,0.0,0.0,8.9,LAC,WR,0.0,86.4,0.0,09.01.2023
Maurice Alexander,,,,,,0.0,0.0,0.0,0.0,8.9,DET,WR,4.9,65.2,0.4,09.01.2023
Ashton Dulin,,,,,,0.3,4.8,0.0,0.0,8.7,IND,WR,4.5,66.9,0.3,09.01.2023
Ihmir Smith-Marsette,,,,,,0.1,0.8,0.0,0.1,8.5,CAR,WR,6.4,71.1,0.3,09.01.2023
Antoine Green,,,,,,0.1,1.6,0.0,0.0,8.2,DET,WR,6.0,60.8,0.3,09.01.2023
Matthew Slater,,,,,,0.0,1.5,0.0,0.0,7.5,NE,WR,2.8,59.8,0.2,09.01.2023
Easop Winston Jr.,,,,,,0.0,3.9,0.0,0.0,6.8,SEA,WR,3.3,48.8,0.3,09.01.2023
Tim Jones,,,,,,0.2,1.1,0.0,0.1,6.7,JAC,WR,3.9,55.1,0.2,09.01.2023
Josh Ali,,,,,,0.1,2.6,0.0,0.0,6.6,ATL,WR,4.9,50.2,0.2,09.01.2023
Miles Boykin,,,,,,0.0,0.2,0.0,0.0,6.3,PIT,WR,3.2,53.8,0.1,09.01.2023
Colton Dowell,,,,,,0.1,2.1,0.0,0.0,6.1,TEN,WR,4.8,47.3,0.2,09.01.2023
Montrell Washington,,,,,,0.2,9.6,0.0,0.0,5.9,KC,WR,2.5,43.8,0.1,09.01.2023
Danny Gray,,,,,,0.4,1.9,0.0,0.1,5.8,SF,WR,1.5,53.3,0.1,09.01.2023
Lance McCutcheon,,,,,,0.0,0.7,0.0,0.0,5.2,HOU,WR,2.2,42.7,0.2,09.01.2023
Bo Melton,,,,,,0.1,1.7,0.0,0.0,5.0,GB,WR,3.7,39.7,0.1,09.01.2023
Michael Woods II,,,,,,0.0,0.0,0.0,0.0,4.9,CLE,WR,3.1,38.4,0.2,09.01.2023
Alex Bachman,,,,,,0.0,0.0,0.0,0.0,4.8,HOU,WR,3.3,38.2,0.2,09.01.2023
Lawrence Cager,,,,,,0.3,2.0,0.0,0.0,4.7,NYG,WR,0.0,45.1,0.0,09.01.2023
Andy Isabella,,,,,,0.1,6.8,0.1,0.0,4.7,BUF,WR,1.3,32.7,0.1,09.01.2023
Kirk Merritt,,,,,,0.0,5.5,0.0,0.0,4.4,NO,WR,1.3,29.1,0.1,09.01.2023
David Moore,,,,,,0.5,3.9,0.0,0.1,4.4,TB,WR,0.0,41.9,0.0,09.01.2023
Jalen Brooks,,,,,,0.3,1.1,0.0,0.0,4.3,DAL,WR,0.9,39.6,0.0,09.01.2023
Tylan Wallace,,,,,,0.3,1.2,0.0,0.1,4.3,BAL,WR,1.5,39.2,0.1,09.01.2023
Seth Williams,,,,,,0.0,1.4,0.0,0.0,4.1,JAC,WR,2.2,27.8,0.2,09.01.2023
Lil'Jordan Humphrey,,,,,,0.0,0.0,0.0,0.0,4.0,DEN,WR,0.0,39.6,0.0,09.01.2023
Stanley Morgan Jr.,,,,,,0.0,1.9,0.0,0.0,3.9,CIN,WR,1.6,31.9,0.1,09.01.2023
Chris Conley,,,,,,0.0,0.1,0.0,0.0,3.7,SF,WR,0.0,37.2,0.0,09.01.2023
Kearis Jackson,,,,,,0.0,1.6,0.0,0.0,3.7,TEN,WR,2.2,27.1,0.1,09.01.2023
Tanner Conner,,,,,,0.1,0.9,0.0,0.0,3.6,MIA,WR,0.0,34.9,0.0,09.01.2023
Irvin Charles,,,,,,0.1,0.9,0.0,0.0,3.6,NYJ,WR,0.0,34.9,0.0,09.01.2023
Jake Bobo,,,,,,0.1,0.9,0.0,0.0,3.6,SEA,WR,0.0,34.9,0.0,09.01.2023
Xavier Gipson,,,,,,0.1,0.9,0.0,0.0,3.6,NYJ,WR,0.0,34.9,0.0,09.01.2023
Andre Baccellia,,,,,,0.2,1.5,0.0,0.0,3.5,ARI,WR,0.0,33.7,0.0,09.01.2023
David Sills V,,,,,,0.2,1.5,0.0,0.0,3.5,DEN,WR,0.0,33.7,0.0,09.01.2023
Mike Strachan,,,,,,0.2,1.5,0.0,0.0,3.5,IND,WR,0.0,33.7,0.0,09.01.2023
Tyrie Cleveland,,,,,,0.2,1.5,0.0,0.0,3.5,PHI,WR,0.0,33.7,0.0,09.01.2023
Trent Taylor,,,,,,0.3,4.1,0.0,0.0,3.4,CHI,WR,1.3,25.4,0.1,09.01.2023
Penny Hart,,,,,,0.4,7.1,0.0,0.0,3.3,ATL,WR,0.0,26.3,0.0,09.01.2023
Joseph Ngata,,,,,,0.0,1.4,0.0,0.0,3.3,PHI,WR,1.9,23.7,0.1,09.01.2023
Quintez Cephus,,,,,,0.0,0.0,0.0,0.0,3.1,DET,WR,0.0,31.1,0.0,09.01.2023
Jaelon Darden,,,,,,0.0,2.6,0.0,0.0,2.5,CLE,WR,0.6,19.6,0.1,09.01.2023
Racey McMath,,,,,,0.2,1.3,0.0,0.0,2.4,IND,WR,0.7,21.5,0.0,09.01.2023
Greg Ward,,,,,,0.0,0.1,0.0,0.0,2.0,PHI,WR,2.5,15.1,0.1,09.01.2023
Laquon Treadwell,,,,,,0.0,0.2,0.0,0.0,1.1,BAL,WR,0.3,9.3,0.0,09.01.2023
Elijah Cooks,,,,,,0.0,0.0,0.0,0.0,0.0,JAC,WR,0.0,0.0,0.0,09.01.2023
Travis Kelce,,,,,,,,,0.6,182.1,KC,TE,105.1,"1,235.5",9.9,09.01.2023
Mark Andrews,,,,,,,,,0.2,129.5,BAL,TE,74.8,890.9,6.5,09.01.2023
T.J. Hockenson,,,,,,,,,0.5,117.7,MIN,TE,80.9,840.2,5.8,09.01.2023
George Kittle,,,,,,,,,0.5,113.8,SF,TE,61.3,786.7,5.9,09.01.2023
Darren Waller,,,,,,,,,0.3,111.2,NYG,TE,67.0,821.8,4.9,09.01.2023
Kyle Pitts,,,,,,,,,0.1,102.0,ATL,TE,59.2,783.4,4.0,09.01.2023
Dallas Goedert,,,,,,,,,0.6,98.3,PHI,TE,63.3,741.3,4.2,09.01.2023
Pat Freiermuth,,,,,,,,,0.2,88.2,PIT,TE,60.5,639.4,4.1,09.01.2023
Evan Engram,,,,,,,,,0.2,87.5,JAC,TE,62.6,653.8,3.6,09.01.2023
Chigoziem Okonkwo,,,,,,,,,0.1,83.1,TEN,TE,47.6,577.6,3.8,09.01.2023
David Njoku,,,,,,,,,0.4,82.9,CLE,TE,52.5,574.9,4.3,09.01.2023
Dalton Schultz,,,,,,,,,0.5,81.0,HOU,TE,55.9,571.0,4.1,09.01.2023
Greg Dulcich,,,,,,,,,0.1,78.6,DEN,TE,46.9,576.2,3.5,09.01.2023
Cole Kmet,,,,,,,,,0.2,77.1,CHI,TE,47.6,518.2,4.2,09.01.2023
Tyler Higbee,,,,,,,,,0.1,76.6,LAR,TE,60.1,566.6,3.3,09.01.2023
Dalton Kincaid,,,,,,,,,0.4,75.8,BUF,TE,44.2,509.6,4.3,09.01.2023
Juwan Johnson,,,,,,,,,0.1,74.4,NO,TE,41.1,488.2,4.3,09.01.2023
Gerald Everett,,,,,,,,,0.3,74.1,LAC,TE,50.7,523.4,3.7,09.01.2023
Sam LaPorta,,,,,,,,,0.6,69.4,DET,TE,44.0,482.7,3.7,09.01.2023
Hunter Henry,,,,,,,,,0.1,66.9,NE,TE,42.5,495.9,2.9,09.01.2023
Irv Smith Jr.,,,,,,,,,0.1,65.3,CIN,TE,43.2,410.1,4.1,09.01.2023
Noah Fant,,,,,,,,,0.1,64.7,SEA,TE,45.4,467.3,3.0,09.01.2023
Dawson Knox,,,,,,,,,0.2,62.1,BUF,TE,36.8,409.0,3.6,09.01.2023
Cade Otton,,,,,,,,,0.1,61.3,TB,TE,45.2,464.3,2.5,09.01.2023
Hayden Hurst,,,,,,,,,0.5,60.9,CAR,TE,46.6,442.2,2.9,09.01.2023
Zach Ertz,,,,,,,,,0.1,60.1,ARI,TE,43.7,437.5,2.8,09.01.2023
Tyler Conklin,,,,,,,,,0.1,58.5,NYJ,TE,45.6,436.1,2.5,09.01.2023
Mike Gesicki,,,,,,,,,0.1,57.8,NE,TE,36.2,414.5,2.8,09.01.2023
Jake Ferguson,,,,,,,,,0.1,56.6,DAL,TE,38.4,388.0,3.0,09.01.2023
Taysom Hill,,,,,,,,,1.1,56.4,NO,TE,12.9,181.8,1.7,09.01.2023
Michael Mayer,,,,,,,,,0.4,55.6,LV,TE,37.3,401.0,2.7,09.01.2023
Luke Musgrave,,,,,,,,,0.4,53.7,GB,TE,36.0,385.9,2.6,09.01.2023
Logan Thomas,,,,,,,,,0.1,52.7,WAS,TE,42.6,403.5,2.1,09.01.2023
Trey McBride,,,,,,,,,0.1,49.9,ARI,TE,34.9,378.0,2.0,09.01.2023
Jelani Woods,,,,,,,,,0.0,45.5,IND,TE,26.0,333.1,2.0,09.01.2023
Isaiah Likely,,,,,,,,,0.0,43.0,BAL,TE,24.2,298.0,2.2,09.01.2023
Austin Hooper,,,,,,,,,0.0,39.6,LV,TE,28.4,295.2,1.7,09.01.2023
Durham Smythe,,,,,,,,,0.0,32.7,MIA,TE,25.8,235.3,1.5,09.01.2023
Noah Gray,,,,,,,,,0.0,31.5,KC,TE,21.1,220.8,1.5,09.01.2023
Luke Schoonmaker,,,,,,,,,0.3,31.3,DAL,TE,21.0,230.2,1.5,09.01.2023
Donald Parham Jr.,,,,,,,,,0.0,30.9,LAC,TE,18.9,207.5,1.7,09.01.2023
Adam Trautman,,,,,,,,,0.1,30.0,DEN,TE,21.5,224.9,1.3,09.01.2023
Kylen Granson,,,,,,,,,0.0,29.9,IND,TE,22.4,228.8,1.1,09.01.2023
Foster Moreau,,,,,,,,,0.3,29.4,NO,TE,17.5,229.6,1.2,09.01.2023
Brock Wright,,,,,,,,,0.0,29.2,DET,TE,17.2,176.5,1.9,09.01.2023
Will Dissly,,,,,,,,,0.1,29.0,SEA,TE,21.3,215.4,1.2,09.01.2023
Robert Tonyan,,,,,,,,,0.0,28.7,CHI,TE,18.6,200.3,1.4,09.01.2023
C.J. Uzomah,,,,,,,,,0.0,28.6,NYJ,TE,19.4,197.9,1.5,09.01.2023
Jonnu Smith,,,,,,,,,0.0,28.5,ATL,TE,18.9,207.2,1.2,09.01.2023
Mo Alie-Cox,,,,,,,,,0.4,27.0,IND,TE,15.3,184.8,1.6,09.01.2023
Brenton Strange,,,,,,,,,0.3,26.1,JAC,TE,20.4,189.1,1.3,09.01.2023
Jordan Akins,,,,,,,,,0.1,25.6,CLE,TE,15.8,192.6,1.1,09.01.2023
Harrison Bryant,,,,,,,,,0.2,24.5,CLE,TE,18.0,181.1,1.1,09.01.2023
Josiah Deguara,,,,,,,,,0.0,23.6,GB,TE,18.8,176.8,1.0,09.01.2023
Colby Parkinson,,,,,,,,,0.0,23.0,SEA,TE,15.0,174.9,0.9,09.01.2023
Tommy Tremble,,,,,,,,,0.4,22.7,CAR,TE,15.8,148.5,1.4,09.01.2023
Josh Oliver,,,,,,,,,0.0,22.7,MIN,TE,15.7,156.9,1.2,09.01.2023
Tucker Kraft,,,,,,,,,0.3,22.4,GB,TE,15.2,166.6,1.1,09.01.2023
Darnell Washington,,,,,,,,,0.3,22.3,PIT,TE,15.1,180.4,0.8,09.01.2023
Teagan Quitoriano,,,,,,,,,0.1,22.0,HOU,TE,13.4,156.2,1.1,09.01.2023
Ian Thomas,,,,,,,,,0.0,21.0,CAR,TE,17.2,163.6,0.8,09.01.2023
Lawrence Cager,,,,,,,,,0.0,20.3,NYG,TE,11.9,138.0,1.1,09.01.2023
Jimmy Graham,,,,,,,,,0.0,20.2,NO,TE,12.6,142.5,1.0,09.01.2023
Daniel Bellinger,,,,,,,,,0.3,20.0,NYG,TE,13.7,159.5,0.8,09.01.2023
Brevin Jordan,,,,,,,,,0.0,19.5,HOU,TE,13.0,153.4,0.7,09.01.2023
Elijah Higgins,,,,,,,,,0.1,19.0,ARI,TE,12.0,148.6,0.7,09.01.2023
Blake Bell,,,,,,,,,0.0,18.8,KC,TE,11.3,109.2,0.9,09.01.2023
Peyton Hendershot,,,,,,,,,0.0,18.1,DAL,TE,9.3,116.9,1.0,09.01.2023
Connor Heyward,,,,,,,,,0.1,17.6,PIT,TE,10.5,116.1,0.8,09.01.2023
Josh Whyle,,,,,,,,,0.0,17.4,TEN,TE,11.8,124.4,0.8,09.01.2023
Ko Kieft,,,,,,,,,0.1,17.1,TB,TE,11.5,121.6,0.8,09.01.2023
Brycen Hopkins,,,,,,,,,0.0,16.8,LAR,TE,9.6,125.0,0.7,09.01.2023
Albert Okwuegbunam,,,,,,,,,0.1,16.8,PHI,TE,9.6,124.5,0.8,09.01.2023
Hunter Long,,,,,,,,,0.1,16.6,LAR,TE,10.3,125.2,0.7,09.01.2023
Ben Sims,,,,,,,,,0.0,16.6,GB,TE,11.0,106.0,1.0,09.01.2023
Davis Allen,,,,,,,,,0.4,16.0,LAR,TE,19.2,126.3,0.6,09.01.2023
Charlie Kolar,,,,,,,,,0.0,15.9,BAL,TE,9.9,116.0,0.7,09.01.2023
John Bates,,,,,,,,,0.0,15.7,WAS,TE,11.9,119.0,0.6,09.01.2023
Tre' McKitty,,,,,,,,,0.0,15.0,LAC,TE,10.7,110.6,0.7,09.01.2023
Trevon Wesco,,,,,,,,,0.1,14.8,TEN,TE,9.8,107.8,0.7,09.01.2023
James Mitchell,,,,,,,,,0.0,14.8,DET,TE,8.8,108.4,0.7,09.01.2023
Payne Durham,,,,,,,,,0.3,14.7,TB,TE,11.1,111.4,0.6,09.01.2023
Eric Saubert,,,,,,,,,0.0,14.4,MIA,TE,12.5,108.5,0.6,09.01.2023
Will Mallory,,,,,,,,,0.0,13.8,IND,TE,8.7,96.0,0.7,09.01.2023
Geoff Swaim,,,,,,,,,0.0,13.7,ARI,TE,12.0,95.7,0.7,09.01.2023
Stephen Sullivan,,,,,,,,,0.1,13.7,CAR,TE,8.7,101.8,0.6,09.01.2023
Tyler Kroft,,,,,,,,,0.0,13.4,MIA,TE,9.3,88.0,0.8,09.01.2023
Ross Dwelley,,,,,,,,,0.0,13.3,SF,TE,5.6,92.2,0.7,09.01.2023
Zack Kuntz,,,,,,,,,0.1,13.0,NYJ,TE,0.0,114.0,0.3,09.01.2023
Jack Stoll,,,,,,,,,0.0,12.9,PHI,TE,9.4,102.1,0.4,09.01.2023
Jeremy Ruckert,,,,,,,,,0.0,12.5,NYJ,TE,6.9,91.7,0.6,09.01.2023
Drew Sample,,,,,,,,,0.1,12.3,CIN,TE,9.8,89.4,0.6,09.01.2023
Marcedes Lewis,,,,,,,,,0.1,12.2,CHI,TE,6.6,65.4,1.0,09.01.2023
Tanner Hudson,,,,,,,,,0.0,11.4,CIN,TE,11.8,84.4,0.5,09.01.2023
Cole Turner,,,,,,,,,0.1,11.3,WAS,TE,5.9,96.0,0.3,09.01.2023
Quintin Morris,,,,,,,,,0.4,11.3,BUF,TE,7.3,85.0,0.6,09.01.2023
Jody Fortson,,,,,,,,,0.5,11.1,KC,TE,6.1,96.3,0.4,09.01.2023
Johnny Mundt,,,,,,,,,0.0,11.0,MIN,TE,7.7,78.7,0.5,09.01.2023
Chris Manhertz,,,,,,,,,0.0,10.7,DEN,TE,6.7,77.5,0.5,09.01.2023
Reggie Gilliam,,,,,,,,,0.0,10.6,BUF,TE,8.3,64.8,0.6,09.01.2023
Mitchell Wilcox,,,,,,,,,0.0,10.6,CIN,TE,8.3,87.3,0.3,09.01.2023
Luke Farrell,,,,,,,,,0.0,10.4,JAC,TE,6.5,78.5,0.4,09.01.2023
Giovanni Ricci,,,,,,,,,0.0,10.3,CAR,TE,6.4,89.4,0.2,09.01.2023
Stone Smartt,,,,,,,,,0.0,10.0,LAC,TE,9.1,63.2,0.6,09.01.2023
Jesper Horsted,,,,,,,,,0.0,9.4,LV,TE,5.9,64.8,0.5,09.01.2023
Andrew Beck,,,,,,,,,0.0,9.4,HOU,TE,7.8,60.5,0.3,09.01.2023
John FitzPatrick,,,,,,,,,0.0,9.1,ATL,TE,6.6,53.3,0.6,09.01.2023
Grant Calcaterra,,,,,,,,,0.1,8.6,PHI,TE,3.2,69.3,0.3,09.01.2023
Kaden Smith,,,,,,,,,0.0,8.5,WAS,TE,6.3,57.9,0.5,09.01.2023
Brayden Willis,,,,,,,,,0.0,8.5,SF,TE,6.3,53.8,0.5,09.01.2023
MyCole Pruitt,,,,,,,,,0.0,8.4,ATL,TE,3.2,55.1,0.5,09.01.2023
Curtis Hodges,,,,,,,,,0.0,7.9,WAS,TE,6.3,48.2,0.5,09.01.2023
Charlie Woerner,,,,,,,,,0.1,7.6,SF,TE,5.4,55.4,0.4,09.01.2023
Julian Hill,,,,,,,,,0.0,7.5,MIA,TE,0.0,57.1,0.3,09.01.2023
Cameron Latu,,,,,,,,,0.1,7.3,SF,TE,4.2,57.2,0.3,09.01.2023
Matt Sokol,,,,,,,,,0.0,7.1,NE,TE,4.5,46.9,0.4,09.01.2023
Armani Rogers,,,,,,,,,0.0,7.0,WAS,TE,7.4,46.1,0.4,09.01.2023
Tyler Davis,,,,,,,,,0.0,6.7,GB,TE,4.3,42.7,0.4,09.01.2023
Andrew Ogletree,,,,,,,,,0.0,6.6,IND,TE,5.2,39.0,0.4,09.01.2023
Nick Vannett,,,,,,,,,0.0,6.5,LAC,TE,2.3,42.0,0.4,09.01.2023
Shane Zylstra,,,,,,,,,0.0,6.3,DET,TE,3.9,43.6,0.3,09.01.2023
David Wells,,,,,,,,,0.0,5.3,TB,TE,3.3,28.6,0.4,09.01.2023
Kenny Yeboah,,,,,,,,,0.0,5.3,NYJ,TE,0.0,35.0,0.3,09.01.2023
Tommy Sweeney,,,,,,,,,0.0,4.9,NYG,TE,3.7,34.2,0.3,09.01.2023
Tanner Taula,,,,,,,,,0.0,4.2,TB,TE,0.0,24.2,0.3,09.01.2023
Nate Adkins,,,,,,,,,0.0,4.2,DEN,TE,0.0,24.2,0.3,09.01.2023
Feleipe Franks,,,,,,,,,0.0,4.2,ATL,TE,3.1,28.9,0.2,09.01.2023
Pharaoh Brown,,,,,,,,,0.1,4.1,NE,TE,0.0,43.3,0.0,09.01.2023
Parker Hesse,,,,,,,,,0.0,4.0,ATL,TE,2.9,27.8,0.2,09.01.2023
Tyree Jackson,,,,,,,,,0.0,3.7,NYG,TE,1.2,20.1,0.3,09.01.2023
Sean McKeon,,,,,,,,,0.0,3.6,DAL,TE,1.1,18.6,0.3,09.01.2023
Kevin Rader,,,,,,,,,0.0,3.3,TEN,TE,0.8,16.2,0.3,09.01.2023
Tyler Mabry,,,,,,,,,0.0,2.8,SEA,TE,0.8,16.0,0.2,09.01.2023
Ben Mason,,,,,,,,,0.0,0.2,BAL,TE,0.3,2.0,0.0,09.01.2023
