player,pass_att,pass_cmp,pass_yds,pass_td,pass_int,rush_att,rush_yds,rush_td,fumble_lost,fpts,team,position,rec_att,rec_yds,rec_td
Patrick Mahomes IIKChigh,644.5,428.0,"5,173.6",39.5,9.1,69.0,434.3,3.9,1.0,450.5,,qb,,,
Josh AllenBUFhigh,615.9,391.0,"4,597.6",34.0,10.8,128.0,703.0,7.5,2.2,446.5,,qb,,,
Jalen HurtsPHIhigh,530.7,349.9,"4,025.5",28.0,8.0,174.0,930.4,15.6,1.0,425.0,,qb,,,
Lamar JacksonBALhigh,536.0,330.0,"3,703.0",28.0,10.0,170.7,"1,082.1",7.4,1.5,396.1,,qb,,,
Joe BurrowCINhigh,634.5,425.3,"4,780.5",34.0,11.6,70.3,423.6,4.6,0.6,400.1,,qb,,,
Justin FieldsCHIhigh,464.0,283.0,"3,245.0",25.0,10.0,184.8,"1,235.2",8.5,0.7,375.8,,qb,,,
Justin HerbertLAChigh,689.0,468.0,"4,813.2",31.7,11.3,60.5,274.6,3.6,0.4,383.1,,qb,,,
Deshaun WatsonCLEhigh,544.0,343.0,"4,021.6",28.1,9.0,113.3,553.0,7.0,0.5,341.0,,qb,,,
Dak PrescottDALhigh,580.4,378.5,"4,218.9",32.0,12.9,66.0,304.6,3.1,1.8,342.9,,qb,,,
Trevor LawrenceJAChigh,597.0,395.9,"4,337.9",30.0,9.1,69.0,311.0,6.8,1.8,348.3,,qb,,,
Kirk CousinsMINhigh,636.0,429.0,"4,619.0",31.7,9.9,41.6,102.5,2.0,0.7,357.2,,qb,,,
Daniel JonesNYGhigh,540.9,355.3,"3,668.7",22.1,6.0,122.0,750.8,5.8,1.9,340.8,,qb,,,
Geno SmithSEAhigh,589.0,400.0,"4,258.9",28.9,8.8,72.0,366.5,4.0,1.6,362.9,,qb,,,
Aaron RodgersNYJhigh,610.0,381.0,"4,380.0",29.8,6.0,41.0,163.3,2.0,1.3,329.3,,qb,,,
Tua TagovailoaMIAhigh,595.6,384.6,"4,462.7",30.8,10.6,60.3,165.5,2.6,1.0,323.7,,qb,,,
Russell WilsonDENhigh,552.6,353.2,"3,975.7",27.8,8.6,66.0,355.0,4.0,0.4,309.5,,qb,,,
Jared GoffDEThigh,600.3,389.5,"4,441.6",30.5,7.0,35.7,90.6,1.6,1.3,332.0,,qb,,,
Anthony RichardsonINDhigh,581.9,378.8,"4,308.4",27.3,10.0,200.0,"1,039.0",6.0,0.7,308.9,,qb,,,
Derek CarrNOhigh,537.9,357.0,"4,198.7",26.6,10.9,36.0,146.4,2.5,0.6,287.1,,qb,,,
Jordan LoveGBhigh,602.5,382.7,"4,298.5",25.7,12.5,55.7,248.7,2.3,1.0,295.2,,qb,,,
Kenny PickettPIThigh,570.0,369.0,"3,744.0",21.9,9.2,78.0,"1,047.9",7.9,0.7,288.2,,qb,,,
Brock PurdySFhigh,542.2,351.4,"3,958.5",27.7,6.7,44.6,246.6,3.3,0.9,283.6,,qb,,,
Matthew StaffordLARhigh,560.5,372.3,"4,291.0",25.9,10.6,38.2,121.1,1.3,1.0,304.5,,qb,,,
Bryce YoungCARhigh,545.5,349.5,"3,851.0",23.2,10.0,73.1,285.2,2.0,0.9,263.6,,qb,,,
Jimmy GaroppoloLVhigh,576.2,380.8,"3,886.8",25.3,11.0,32.8,125.8,2.0,1.0,290.2,,qb,,,
Sam HowellWAShigh,585.3,370.1,"4,110.0",23.1,8.0,76.3,343.7,3.0,0.7,252.3,,qb,,,
Ryan TannehillTENhigh,500.6,327.5,"3,771.1",22.5,7.0,46.8,192.4,4.2,0.8,243.2,,qb,,,
C.J. StroudHOUhigh,549.0,345.0,"3,612.4",21.4,11.0,63.8,303.9,2.0,0.8,262.4,,qb,,,
Mac JonesNEhigh,562.8,364.6,"3,814.6",23.4,11.7,57.0,211.1,1.9,1.2,247.4,,qb,,,
Kyler MurrayARIhigh,473.0,302.7,"3,149.5",15.0,6.6,93.6,512.8,3.9,1.9,236.5,,qb,,,
Baker MayfieldTBhigh,701.0,439.0,"4,151.0",24.2,7.0,47.7,204.2,1.8,0.8,252.0,,qb,,,
Desmond RidderATLhigh,502.3,310.9,"3,275.1",22.0,6.0,47.0,279.3,2.1,1.1,226.0,,qb,,,
Joshua DobbsARIhigh,183.1,113.8,"3,300.4",18.5,1.0,26.7,363.1,2.6,0.9,228.3,,qb,,,
Jacoby BrissettWAShigh,417.2,233.6,"2,222.3",9.4,1.0,45.7,150.9,1.8,0.0,116.9,,qb,,,
Kyle TraskTBhigh,341.3,203.5,"1,969.2",7.9,1.0,38.2,75.5,0.6,0.0,99.4,,qb,,,
Will LevisTENhigh,318.1,195.4,"1,959.3",7.3,0.0,43.1,110.2,0.9,0.0,84.1,,qb,,,
Brian HoyerLVhigh,123.1,70.4,"1,217.1",6.3,2.0,26.7,70.6,0.8,0.0,75.8,,qb,,,
Taylor HeinickeATLhigh,132.1,74.4,856.4,6.0,1.0,30.3,83.6,0.6,0.1,67.7,,qb,,,
Sam DarnoldSFhigh,340.9,190.9,"1,843.2",4.6,1.0,44.0,142.0,0.7,0.0,68.0,,qb,,,
Gardner Minshew IIINDhigh,174.5,108.3,"1,240.4",7.1,1.0,23.5,69.2,0.7,0.5,81.8,,qb,,,
Mike WhiteMIAhigh,167.0,96.3,870.3,4.0,2.0,29.3,48.9,0.3,0.0,41.5,,qb,,,
Trey LanceDALhigh,313.5,192.6,"1,990.4",4.3,0.0,55.6,193.4,0.5,0.0,93.6,,qb,,,
Davis MillsHOUhigh,165.9,92.4,820.7,3.1,1.0,33.0,61.6,0.4,0.0,39.7,,qb,,,
Jake BrowningCINhigh,52.0,33.0,357.0,3.0,1.0,2.0,8.0,0.0,0.0,21.0,,qb,,,
Tyrod TaylorNYGhigh,67.3,42.1,452.3,3.3,0.0,29.4,145.3,0.5,0.0,34.2,,qb,,,
Marcus MariotaPHIhigh,77.0,49.4,465.8,3.4,0.0,35.3,103.1,1.0,0.0,41.5,,qb,,,
Tyler HuntleyBALhigh,77.6,46.4,402.6,2.8,1.0,48.9,144.6,0.5,0.0,32.1,,qb,,,
Andy DaltonCARhigh,124.3,75.2,662.2,2.4,1.0,17.6,28.8,0.2,0.0,27.6,,qb,,,
Mitch TrubiskyPIThigh,77.0,47.0,525.0,3.0,1.0,15.9,36.4,0.5,0.0,40.7,,qb,,,
Clayton TuneARIhigh,161.3,96.1,907.5,1.0,1.0,25.6,56.5,0.2,0.0,28.8,,qb,,,
Jarrett StidhamDENhigh,121.7,60.6,622.6,4.0,0.9,10.9,20.0,0.2,0.0,40.1,,qb,,,
Sean CliffordGBhigh,76.7,44.9,496.5,2.9,0.0,19.4,39.5,0.4,0.0,31.7,,qb,,,
Hendon HookerDEThigh,105.3,62.0,573.8,0.0,5.4,20.6,43.1,0.2,1.6,16.2,,qb,,,
Blaine GabbertKChigh,90.7,51.5,453.0,2.3,0.0,26.5,40.8,0.3,0.0,27.3,,qb,,,
Nick MullensMINhigh,74.0,61.0,463.1,2.7,1.0,9.0,16.0,0.2,0.2,26.8,,qb,,,
Teddy BridgewaterDEThigh,127.3,62.4,503.7,2.3,0.0,6.7,21.0,0.2,0.0,27.3,,qb,,,
Zach WilsonNYJhigh,154.7,84.2,865.5,1.6,0.8,8.2,28.6,0.2,0.1,20.4,,qb,,,
Jameis WinstonNOhigh,51.9,36.4,579.7,2.8,1.0,5.0,19.0,0.5,0.0,27.2,,qb,,,
Stetson BennettLARhigh,130.4,77.2,720.8,2.6,0.0,22.7,48.7,0.2,0.0,30.7,,qb,,,
Easton StickLAChigh,90.7,51.5,453.0,2.0,1.0,26.5,40.8,0.4,0.1,18.6,,qb,,,
C.J. BeathardJAChigh,102.8,58.5,516.4,1.9,0.8,26.2,40.8,0.3,0.0,25.5,,qb,,,
Drew LockSEAhigh,96.7,47.0,529.2,2.0,0.9,8.9,18.0,0.3,0.0,21.4,,qb,,,
Cooper RushDALhigh,53.5,34.5,361.4,1.9,1.0,5.0,11.0,0.1,0.0,19.7,,qb,,,
Kyle AllenBUFhigh,99.2,61.7,654.1,1.4,1.0,18.6,39.1,0.3,0.0,13.6,,qb,,,
Aidan O'ConnellLVhigh,120.2,71.1,662.4,1.0,0.0,22.7,48.1,0.2,0.0,19.8,,qb,,,
Malik WillisTENhigh,151.1,86.8,779.6,1.3,0.7,27.8,45.6,0.1,0.0,21.6,,qb,,,
Dorian Thompson-RobinsonCLEhigh,68.8,40.2,366.8,1.4,0.0,18.4,37.1,0.2,0.0,16.6,,qb,,,
Jaren HallMINhigh,20.0,13.0,142.0,1.0,0.0,1.0,3.0,0.0,0.0,8.0,,qb,,,
Tanner McKeePHIhigh,16.0,10.0,120.0,1.0,0.0,1.0,6.0,0.0,0.0,8.0,,qb,,,
Jake HaenerNOhigh,15.0,10.0,118.0,1.0,0.0,1.0,4.0,0.0,0.0,8.0,,qb,,,
Skylar ThompsonMIAhigh,90.7,51.5,453.0,1.3,0.3,26.5,40.8,0.0,0.0,10.8,,qb,,,
Matt BarkleyBUFhigh,0.0,0.0,187.6,0.6,1.3,0.0,0.6,0.1,0.1,8.4,,qb,,,
David BloughARIhigh,0.0,0.0,145.1,0.6,1.4,0.0,1.1,0.1,0.1,7.1,,qb,,,
Case KeenumHOUhigh,119.6,59.1,414.2,0.4,0.1,10.0,1.2,0.0,0.0,10.2,,qb,,,
Tyson BagentCHIhigh,13.0,8.0,93.0,1.0,1.0,1.0,5.0,0.0,0.0,5.0,,qb,,,
Matt CorralCARhigh,68.8,40.2,366.8,0.2,0.1,18.4,37.1,0.2,0.0,9.0,,qb,,,
Mason RudolphPIThigh,31.0,21.3,133.5,1.0,0.1,17.0,24.6,0.0,0.0,5.1,,qb,,,
Nate SudfeldDEThigh,0.0,0.0,26.3,0.1,0.1,0.0,1.7,0.0,0.0,1.5,,qb,,,
Josh JohnsonBALhigh,0.0,0.0,0.0,0.0,0.0,0.0,0.0,0.0,0.0,0.6,,qb,,,
Christian McCaffreySFhigh,,,,,,246.0,"1,107.0",9.8,0.0,323.2,,rb,87.0,675.6,5.4
Austin EkelerLAChigh,,,,,,214.3,"1,026.2",11.0,0.6,314.8,,rb,85.0,674.0,5.0
Derrick HenryTENhigh,,,,,,333.2,"1,537.7",10.8,1.6,285.8,,rb,39.0,362.9,1.5
Nick ChubbCLEhigh,,,,,,345.3,"1,709.3",11.1,0.9,259.3,,rb,30.6,274.6,1.6
Bijan RobinsonATLhigh,,,,,,304.2,"1,427.4",10.7,1.2,248.0,,rb,49.6,395.4,2.8
Tony PollardDALhigh,,,,,,291.3,"1,389.4",11.1,0.0,264.4,,rb,53.2,473.5,2.9
Josh JacobsLVhigh,,,,,,282.8,"1,443.2",10.6,1.0,285.5,,rb,44.0,337.0,1.7
Saquon BarkleyNYGhigh,,,,,,302.5,"1,385.9",10.8,0.3,261.0,,rb,54.5,430.1,2.2
Jonathan TaylorINDhigh,,,,,,335.0,"1,605.8",9.6,1.4,261.0,,rb,42.7,281.2,1.2
Joe MixonCINhigh,,,,,,261.1,"1,149.2",9.7,0.5,291.8,,rb,62.2,524.0,2.9
Aaron JonesGBhigh,,,,,,225.0,"1,135.3",9.1,0.6,261.1,,rb,55.3,487.9,3.0
Najee HarrisPIThigh,,,,,,292.0,"1,237.2",8.8,0.5,221.1,,rb,44.0,289.0,3.0
Travis Etienne Jr.JAChigh,,,,,,255.3,"1,162.6",8.8,1.6,216.8,,rb,40.2,322.5,1.8
Kenneth Walker IIISEAhigh,,,,,,273.2,"1,240.4",9.0,0.0,205.0,,rb,29.9,213.6,1.0
Alexander MattisonMINhigh,,,,,,250.6,"1,113.1",9.1,0.7,228.8,,rb,39.5,260.4,2.2
Rhamondre StevensonNEhigh,,,,,,251.3,"1,125.1",8.1,0.5,202.7,,rb,55.0,446.1,2.2
James ConnerARIhigh,,,,,,262.2,"1,126.6",7.4,0.5,236.8,,rb,43.1,365.9,1.6
Dameon PierceHOUhigh,,,,,,282.0,"1,221.5",6.9,1.6,195.2,,rb,37.2,268.8,1.4
Jahmyr GibbsDEThigh,,,,,,197.1,925.3,7.5,0.8,205.2,,rb,47.9,426.0,2.7
Breece HallNYJhigh,,,,,,230.2,"1,069.5",6.6,0.4,194.4,,rb,43.6,391.2,2.2
Miles SandersCARhigh,,,,,,255.6,"1,184.2",8.1,1.0,191.1,,rb,41.0,297.7,1.3
J.K. DobbinsBALhigh,,,,,,240.0,"1,082.6",8.0,0.0,174.1,,rb,29.0,195.0,3.0
Cam AkersLARhigh,,,,,,271.0,"1,201.3",7.0,1.1,185.6,,rb,33.3,279.7,1.6
Isiah PachecoKChigh,,,,,,236.5,"1,065.2",9.0,1.4,204.6,,rb,29.3,241.7,1.3
Rachaad WhiteTBhigh,,,,,,252.4,"1,083.9",6.9,1.4,218.7,,rb,55.0,438.7,3.5
James CookBUFhigh,,,,,,191.9,886.1,5.6,0.9,192.3,,rb,43.7,341.5,2.0
David MontgomeryDEThigh,,,,,,220.3,914.9,8.1,0.8,181.4,,rb,39.0,350.0,1.6
Javonte WilliamsDENhigh,,,,,,174.9,982.0,6.1,1.1,219.0,,rb,45.0,340.1,2.6
Alvin KamaraNOhigh,,,,,,188.0,771.0,5.0,0.6,189.2,,rb,49.3,448.9,2.3
Khalil HerbertCHIhigh,,,,,,204.7,957.3,5.7,0.0,157.3,,rb,30.3,214.7,1.1
Dalvin CookNYJhigh,,,,,,223.2,983.7,6.0,1.0,169.9,,rb,31.9,242.1,1.6
AJ DillonGBhigh,,,,,,186.0,782.0,6.2,0.4,167.9,,rb,32.0,247.9,1.0
Brian Robinson Jr.WAShigh,,,,,,243.0,"1,065.5",6.4,0.0,178.6,,rb,25.3,182.4,1.5
D'Andre SwiftPHIhigh,,,,,,131.0,681.0,6.0,0.7,187.7,,rb,51.1,474.5,2.2
Samaje PerineDENhigh,,,,,,204.5,878.9,5.5,0.0,149.9,,rb,36.0,286.6,2.0
Antonio GibsonWAShigh,,,,,,162.9,643.4,5.0,0.7,164.3,,rb,52.0,396.6,2.0
Jeff Wilson Jr.MIAhigh,,,,,,156.0,831.9,6.5,1.0,184.5,,rb,31.0,258.9,1.6
Jamaal WilliamsNOhigh,,,,,,185.0,716.1,6.4,0.5,130.0,,rb,21.7,165.5,1.4
Rashaad PennyPHIhigh,,,,,,164.0,839.0,7.0,0.5,122.9,,rb,13.0,82.0,0.5
Raheem MostertMIAhigh,,,,,,163.0,735.0,4.2,0.6,122.2,,rb,27.0,197.7,1.1
Elijah MitchellSFhigh,,,,,,155.0,697.4,5.1,0.0,124.8,,rb,18.3,149.9,2.0
Tyler AllgeierATLhigh,,,,,,167.8,784.6,5.2,0.0,131.9,,rb,16.8,123.7,0.8
Zach CharbonnetSEAhigh,,,,,,154.9,656.1,5.0,0.6,133.2,,rb,26.6,243.4,1.0
Ezekiel ElliottNEhigh,,,,,,189.0,655.2,5.2,0.4,139.0,,rb,20.0,161.8,1.0
Jaylen WarrenPIThigh,,,,,,129.0,601.0,3.6,0.0,113.9,,rb,30.0,260.3,0.9
Damien HarrisBUFhigh,,,,,,176.2,736.6,5.0,0.3,115.6,,rb,22.7,159.6,1.1
Chuba HubbardCARhigh,,,,,,123.1,764.5,4.9,0.5,152.0,,rb,21.6,218.0,1.0
D'Onta ForemanCHIhigh,,,,,,154.4,851.8,5.9,0.5,132.1,,rb,11.0,80.4,0.5
Kenneth GainwellPHIhigh,,,,,,130.1,583.7,4.9,0.3,112.5,,rb,28.3,207.8,1.1
Devin SingletaryHOUhigh,,,,,,146.0,564.7,3.7,0.8,115.9,,rb,27.1,203.1,0.7
Jerick McKinnonKChigh,,,,,,82.1,313.5,2.7,0.0,119.0,,rb,45.0,363.0,4.0
De'Von AchaneMIAhigh,,,,,,138.9,568.1,4.0,0.4,111.6,,rb,27.0,276.0,1.0
Gus EdwardsBALhigh,,,,,,133.0,639.0,4.7,0.6,92.4,,rb,9.4,82.0,0.4
Tank BigsbyJAChigh,,,,,,137.4,560.1,3.5,0.4,109.8,,rb,26.5,207.8,1.3
Roschon JohnsonCHIhigh,,,,,,126.9,641.0,4.0,0.3,97.2,,rb,14.0,187.7,1.0
Tyjae SpearsTENhigh,,,,,,115.1,448.9,3.0,0.4,84.6,,rb,20.0,188.0,1.0
Joshua KelleyLAChigh,,,,,,112.9,455.7,4.1,0.0,93.5,,rb,23.1,163.5,0.7
Cordarrelle PattersonATLhigh,,,,,,87.8,362.0,4.0,0.0,78.2,,rb,26.0,195.6,1.4
Kyren WilliamsLARhigh,,,,,,104.8,449.6,2.3,0.2,79.2,,rb,23.6,183.4,0.7
Clyde Edwards-HelaireKChigh,,,,,,116.9,441.8,4.0,0.0,83.9,,rb,16.3,148.7,2.0
Ty ChandlerMINhigh,,,,,,120.0,482.0,4.0,0.1,73.8,,rb,15.0,146.0,1.0
Chase EdmondsTBhigh,,,,,,100.0,476.0,2.7,0.0,114.9,,rb,26.0,209.4,1.1
Jerome FordCLEhigh,,,,,,111.1,487.1,3.4,0.1,87.3,,rb,19.4,168.9,1.0
Kendre MillerNOhigh,,,,,,121.9,481.8,3.0,0.2,91.8,,rb,19.0,195.0,1.0
Keaontay IngramARIhigh,,,,,,103.0,377.4,3.0,0.0,76.9,,rb,15.0,107.0,0.5
Chase BrownCINhigh,,,,,,102.3,388.6,3.0,0.2,75.3,,rb,28.0,259.0,1.0
Zack MossINDhigh,,,,,,123.0,492.0,3.3,0.3,83.7,,rb,12.5,90.0,0.5
Latavius MurrayBUFhigh,,,,,,108.0,423.0,3.0,0.0,85.4,,rb,14.4,120.5,0.4
Deuce VaughnDALhigh,,,,,,108.0,474.0,4.0,0.0,70.2,,rb,17.0,140.9,1.0
Matt BreidaNYGhigh,,,,,,75.6,308.9,2.2,0.3,79.4,,rb,17.0,168.6,0.6
Ronald Jones IIDALhigh,,,,,,75.9,432.7,3.4,0.0,77.4,,rb,7.8,62.9,0.4
Isaiah SpillerLAChigh,,,,,,94.4,391.9,1.9,0.2,68.4,,rb,9.3,135.9,0.4
Zach EvansLARhigh,,,,,,100.4,379.8,2.1,0.2,70.2,,rb,13.0,140.9,1.0
Sean TuckerTBhigh,,,,,,76.9,312.9,1.8,0.2,55.2,,rb,14.3,102.7,0.6
JaMycal HastyJAChigh,,,,,,73.0,319.0,2.0,0.0,65.4,,rb,20.0,133.9,1.0
Eric GrayNYGhigh,,,,,,79.0,383.0,2.0,0.1,48.0,,rb,13.0,110.0,1.0
Pierre Strong Jr.CLEhigh,,,,,,96.3,401.6,2.0,0.0,70.2,,rb,8.0,139.3,0.3
Ke'Shawn VaughnTBhigh,,,,,,80.0,293.9,2.0,0.4,53.4,,rb,8.5,60.2,0.4
Jordan MasonSFhigh,,,,,,107.0,592.0,2.0,0.0,62.0,,rb,4.3,93.0,0.2
Michael CarterNYJhigh,,,,,,100.5,348.1,1.0,0.0,76.3,,rb,25.2,205.0,0.9
Zamir WhiteLVhigh,,,,,,100.4,427.5,3.1,0.0,79.9,,rb,12.4,84.8,0.6
Israel AbanikandaNYJhigh,,,,,,81.3,296.2,1.0,0.0,54.0,,rb,2.0,109.9,0.1
Chris EvansCINhigh,,,,,,76.8,300.3,1.3,0.1,52.2,,rb,14.0,104.8,0.6
Ameer AbdullahLVhigh,,,,,,69.0,264.0,1.0,0.0,45.0,,rb,26.2,225.0,1.1
Trayveon WilliamsCINhigh,,,,,,79.0,363.0,1.9,0.0,54.4,,rb,18.1,134.3,0.7
Rico DowdleDALhigh,,,,,,59.7,252.5,1.7,0.0,44.0,,rb,8.6,66.4,0.5
Chris Rodriguez Jr.WAShigh,,,,,,49.0,207.7,1.4,0.0,47.6,,rb,12.4,88.6,0.4
Raheem BlackshearCARhigh,,,,,,45.9,162.5,3.0,0.1,42.5,,rb,17.2,131.5,0.6
Kene NwangwuMINhigh,,,,,,50.7,218.7,1.9,0.1,44.7,,rb,9.2,66.6,0.4
DeeJay DallasSEAhigh,,,,,,28.4,230.4,1.4,0.0,70.0,,rb,17.7,162.8,0.7
Deon JacksonINDhigh,,,,,,56.9,179.0,1.1,0.0,39.1,,rb,27.0,204.0,1.0
Craig ReynoldsDEThigh,,,,,,35.0,164.1,1.5,0.0,49.1,,rb,12.3,110.5,0.7
Evan HullINDhigh,,,,,,94.3,352.4,1.0,0.0,64.8,,rb,7.5,130.8,0.3
Anthony McFarland Jr.PIThigh,,,,,,38.5,270.2,1.5,0.1,63.7,,rb,15.0,105.6,0.4
Boston ScottPHIhigh,,,,,,51.8,230.4,2.0,0.0,47.6,,rb,5.9,92.7,0.2
Sincere McCormickLVhigh,,,,,,30.0,135.0,1.0,0.0,12.0,,rb,4.0,39.0,0.0
Kenny McIntoshSEAhigh,,,,,,49.0,164.8,1.0,0.0,30.6,,rb,4.0,61.1,0.0
Ty MontgomeryNEhigh,,,,,,38.3,100.0,0.5,0.0,31.0,,rb,20.8,154.6,1.0
Kyle JuszczykSFhigh,,,,,,12.5,52.6,1.0,0.0,29.6,,rb,19.0,199.0,1.0
D'Ernest JohnsonJAChigh,,,,,,60.6,274.9,1.0,0.0,45.9,,rb,5.0,78.6,0.2
Travis HomerCHIhigh,,,,,,34.0,197.0,0.7,0.0,48.0,,rb,14.7,148.5,0.7
Gary BrightwellNYGhigh,,,,,,41.3,176.2,1.5,0.0,34.8,,rb,8.0,56.6,0.3
Tyrion Davis-PriceSFhigh,,,,,,65.7,246.9,0.6,0.1,43.2,,rb,3.8,85.6,0.2
Tony Jones Jr.DENhigh,,,,,,41.2,168.2,1.4,0.1,32.4,,rb,7.9,57.1,0.3
Julius ChestnutTENhigh,,,,,,31.0,119.0,1.0,0.0,32.8,,rb,15.8,119.4,0.6
Dare OgunbowaleHOUhigh,,,,,,33.0,121.0,1.0,0.0,40.7,,rb,12.6,100.3,0.3
Hunter LuepkeDALhigh,,,,,,18.0,79.0,1.0,0.0,18.0,,rb,9.0,70.0,1.0
Hassan HaskinsTENhigh,,,,,,56.1,203.1,0.8,0.0,42.1,,rb,12.8,93.1,0.4
Mike BooneHOUhigh,,,,,,33.2,139.1,0.7,0.0,33.0,,rb,9.3,69.4,0.3
Kevin HarrisNEhigh,,,,,,43.3,148.2,0.7,0.1,27.0,,rb,4.1,51.4,0.1
Salvon AhmedMIAhigh,,,,,,59.2,176.5,0.2,0.0,34.0,,rb,4.3,73.6,0.2
Justice HillBALhigh,,,,,,38.5,186.0,0.6,0.0,27.2,,rb,7.9,51.5,0.3
Jonathan WilliamsWAShigh,,,,,,40.2,170.4,1.0,0.1,27.8,,rb,6.0,40.1,0.3
Ty JohnsonBUFhigh,,,,,,24.0,83.3,0.5,0.1,36.8,,rb,12.2,105.4,0.5
Brandon BoldenLVhigh,,,,,,31.6,136.5,1.2,0.0,29.8,,rb,8.9,69.5,0.3
Elijah DotsonLAChigh,,,,,,15.7,65.8,0.6,0.1,14.2,,rb,4.5,32.1,0.2
Keaton MitchellBALhigh,,,,,,32.3,103.5,0.0,0.2,19.8,,rb,0.0,38.4,0.0
Kirk MerrittNOhigh,,,,,,9.1,38.7,0.3,0.1,13.2,,rb,7.4,58.1,0.3
J.J. TaylorNEhigh,,,,,,4.4,112.1,0.8,0.1,24.3,,rb,4.7,28.5,0.2
Reggie GilliamBUFhigh,,,,,,4.4,18.6,0.2,0.0,12.1,,rb,9.0,66.0,0.5
Jermar JeffersonDEThigh,,,,,,12.8,55.9,0.6,0.1,15.4,,rb,6.0,45.7,0.3
Alec IngoldMIAhigh,,,,,,6.7,17.8,0.2,0.0,21.1,,rb,17.6,128.9,0.9
Zander HorvathLAChigh,,,,,,8.0,22.0,0.1,0.0,20.0,,rb,10.0,34.7,3.0
Jaleel McLaughlinDENhigh,,,,,,23.7,73.9,0.0,0.1,14.4,,rb,0.0,27.4,0.0
C.J. HamMINhigh,,,,,,10.5,43.9,0.3,0.0,21.0,,rb,9.9,73.0,0.5
Ronnie RiversLARhigh,,,,,,26.8,85.0,0.1,0.1,16.2,,rb,4.1,30.8,0.2
Patrick RicardBALhigh,,,,,,7.9,22.4,0.2,0.0,20.7,,rb,9.9,55.7,0.7
Giovanni RicciCARhigh,,,,,,4.7,19.7,0.2,0.0,6.8,,rb,4.1,30.0,0.2
Patrick LairdTBhigh,,,,,,4.3,18.0,0.2,0.0,6.7,,rb,4.3,31.7,0.2
Jason CabindaDEThigh,,,,,,4.6,19.4,0.2,0.0,10.1,,rb,4.5,33.6,0.3
Brittain BrownLVhigh,,,,,,4.6,19.4,0.2,0.0,6.7,,rb,4.1,28.3,0.2
Avery WilliamsATLhigh,,,,,,5.5,23.1,0.2,0.0,6.3,,rb,3.4,22.1,0.2
Adam PrenticeNOhigh,,,,,,4.8,20.5,0.1,0.0,9.0,,rb,4.0,28.0,0.2
Michael BurtonDENhigh,,,,,,4.7,19.8,0.2,0.0,7.1,,rb,4.1,30.0,0.2
Jakob JohnsonLVhigh,,,,,,12.0,35.7,0.2,0.0,7.5,,rb,4.5,27.0,0.2
Khari BlasingameCHIhigh,,,,,,5.7,24.2,0.2,0.0,6.3,,rb,3.0,21.3,0.2
Keith SmithATLhigh,,,,,,5.5,22.8,0.2,0.0,6.2,,rb,3.4,21.4,0.2
Ty'Son WilliamsARIhigh,,,,,,12.2,35.6,0.1,0.0,7.2,,rb,4.4,34.4,0.2
Nick BelloreSEAhigh,,,,,,4.4,18.5,0.0,0.0,17.8,,rb,4.5,31.4,0.2
Dwayne WashingtonDENhigh,,,,,,0.0,3.6,0.0,0.0,1.4,,rb,0.5,4.4,0.0
Justin JeffersonMINhigh,,,,,,4.2,23.5,1.0,0.0,283.3,,wr,124.5,"1,682.8",10.2
Ja'Marr ChaseCINhigh,,,,,,8.5,37.9,0.3,0.0,312.7,,wr,117.1,"1,496.3",11.2
Tyreek HillMIAhigh,,,,,,10.7,68.3,1.0,0.0,313.1,,wr,114.3,"1,510.0",10.4
Cooper KuppLARhigh,,,,,,11.2,198.9,2.7,0.1,313.0,,wr,121.8,"1,442.3",10.4
CeeDee LambDALhigh,,,,,,11.0,74.0,0.6,0.0,324.0,,wr,108.2,"1,548.4",9.8
Stefon DiggsBUFhigh,,,,,,2.0,15.1,0.0,0.0,261.2,,wr,111.1,"1,457.9",10.5
Davante AdamsLVhigh,,,,,,4.6,25.6,0.3,0.0,242.3,,wr,108.0,"1,478.7",10.3
A.J. BrownPHIhigh,,,,,,1.4,19.0,0.2,0.0,218.2,,wr,92.2,"1,380.2",10.0
Amon-Ra St. BrownDEThigh,,,,,,10.0,84.9,1.0,0.0,276.1,,wr,111.3,"1,304.8",7.6
Jaylen WaddleMIAhigh,,,,,,10.7,78.0,0.6,0.0,246.6,,wr,87.0,"1,278.0",7.8
Garrett WilsonNYJhigh,,,,,,4.5,24.4,0.2,0.0,220.1,,wr,94.3,"1,268.9",9.1
Deebo SamuelSFhigh,,,,,,49.0,335.6,3.5,1.0,230.3,,wr,77.9,981.4,5.8
Chris OlaveNOhigh,,,,,,0.0,0.9,0.0,0.0,246.9,,wr,89.6,"1,271.2",7.1
Tee HigginsCINhigh,,,,,,1.6,8.8,0.0,0.0,229.4,,wr,93.9,"1,165.5",8.2
Christian WatsonGBhigh,,,,,,9.3,94.7,2.4,0.0,216.5,,wr,80.8,"1,039.3",8.0
Amari CooperCLEhigh,,,,,,1.6,4.6,0.0,0.0,216.9,,wr,81.0,"1,099.0",7.4
DK MetcalfSEAhigh,,,,,,0.7,3.7,0.0,0.0,218.1,,wr,95.7,"1,129.8",8.2
DeVonta SmithPHIhigh,,,,,,0.0,0.8,0.0,0.0,221.5,,wr,91.0,"1,121.1",7.0
Calvin RidleyJAChigh,,,,,,4.3,25.4,0.2,0.0,241.4,,wr,90.2,"1,124.9",7.5
DJ MooreCHIhigh,,,,,,9.4,57.4,0.3,0.0,186.3,,wr,83.0,"1,076.4",10.0
Mike EvansTBhigh,,,,,,0.2,38.2,0.0,0.0,241.5,,wr,79.4,"1,195.1",7.3
Mike WilliamsLAChigh,,,,,,4.3,23.7,0.2,0.0,219.3,,wr,79.5,"1,052.1",7.5
Keenan AllenLAChigh,,,,,,4.3,23.9,0.2,0.0,218.3,,wr,99.6,"1,140.0",6.1
Terry McLaurinWAShigh,,,,,,5.0,29.3,0.3,0.0,229.9,,wr,81.7,"1,113.0",7.0
DeAndre HopkinsTENhigh,,,,,,0.8,5.1,0.0,0.0,212.2,,wr,85.0,"1,091.1",6.5
Christian KirkJAChigh,,,,,,4.7,33.7,0.2,0.0,217.6,,wr,82.5,"1,064.3",7.0
Tyler LockettSEAhigh,,,,,,1.2,2.3,0.0,0.0,193.9,,wr,93.0,"1,067.4",7.5
Brandon AiyukSFhigh,,,,,,5.0,38.6,0.7,0.0,193.7,,wr,69.3,"1,008.8",6.0
Jerry JeudyDENhigh,,,,,,3.0,28.0,0.1,0.0,209.9,,wr,69.5,"1,038.8",6.3
Drake LondonATLhigh,,,,,,0.0,0.8,0.0,0.0,205.5,,wr,77.0,978.6,6.0
Chris GodwinTBhigh,,,,,,4.3,24.6,0.2,0.0,239.2,,wr,98.8,"1,103.2",5.7
Jahan DotsonWAShigh,,,,,,7.5,43.7,0.4,0.0,196.6,,wr,66.8,974.9,8.4
Gabe DavisBUFhigh,,,,,,0.3,4.4,0.0,0.0,186.1,,wr,61.1,943.3,7.0
Marquise BrownARIhigh,,,,,,4.6,27.3,0.2,0.0,175.4,,wr,91.8,"1,042.4",5.5
George PickensPIThigh,,,,,,4.5,28.0,1.1,0.0,164.6,,wr,65.4,892.3,7.0
Diontae JohnsonPIThigh,,,,,,8.0,42.0,0.1,0.0,191.2,,wr,88.0,960.2,5.0
Michael Pittman Jr.INDhigh,,,,,,4.7,38.5,0.2,0.0,213.8,,wr,84.3,991.8,5.8
Brandin CooksDALhigh,,,,,,5.0,31.0,0.3,0.0,137.7,,wr,74.3,887.5,6.3
Jordan AddisonMINhigh,,,,,,4.0,25.2,0.2,0.0,156.7,,wr,69.8,904.0,5.9
Treylon BurksTENhigh,,,,,,9.5,94.3,0.3,0.0,144.7,,wr,70.2,936.1,5.3
Courtland SuttonDENhigh,,,,,,1.3,7.4,0.0,0.0,161.4,,wr,64.0,940.8,6.1
Zay FlowersBALhigh,,,,,,4.7,28.7,0.2,0.0,145.9,,wr,62.7,843.0,5.6
Michael ThomasNOhigh,,,,,,1.0,6.2,0.0,0.0,210.4,,wr,77.4,936.5,7.0
Jaxon Smith-NjigbaSEAhigh,,,,,,3.8,23.7,0.2,0.0,146.6,,wr,63.8,834.0,5.2
JuJu Smith-SchusterNEhigh,,,,,,0.9,2.6,0.3,0.0,202.7,,wr,80.7,934.0,5.0
Kadarius ToneyKChigh,,,,,,18.0,195.0,3.0,0.1,188.9,,wr,67.6,735.0,5.0
Allen LazardNYJhigh,,,,,,4.3,26.1,0.1,0.0,147.5,,wr,62.2,762.2,5.4
Nico CollinsHOUhigh,,,,,,0.0,0.8,0.0,0.0,170.5,,wr,61.3,808.2,5.4
Odell Beckham Jr.BALhigh,,,,,,3.0,58.0,1.0,0.0,173.0,,wr,57.4,786.3,6.0
Jakobi MeyersLVhigh,,,,,,2.2,12.9,0.1,0.0,176.2,,wr,69.4,806.8,4.7
Tyler BoydCINhigh,,,,,,4.2,24.1,0.2,0.0,174.4,,wr,64.2,857.2,5.0
DJ Chark Jr.CARhigh,,,,,,0.5,5.4,0.0,0.0,154.7,,wr,49.4,779.8,4.8
Marquez Valdes-ScantlingKChigh,,,,,,1.7,4.9,0.0,0.0,166.7,,wr,52.1,819.4,5.3
Michael GallupDALhigh,,,,,,0.0,1.0,0.0,0.0,157.4,,wr,55.1,736.9,5.9
Darnell MooneyCHIhigh,,,,,,3.5,17.2,0.3,0.0,163.3,,wr,57.9,765.8,5.0
Quentin JohnstonLAChigh,,,,,,4.3,23.8,0.2,0.0,140.4,,wr,57.2,816.4,5.0
Romeo DoubsGBhigh,,,,,,1.6,17.4,0.0,0.0,150.8,,wr,61.1,725.3,5.3
Zay JonesJAChigh,,,,,,3.0,12.4,0.1,0.0,175.1,,wr,67.9,757.1,5.0
Jonathan MingoCARhigh,,,,,,3.0,37.0,0.2,0.0,156.9,,wr,51.9,738.0,4.6
DeVante ParkerNEhigh,,,,,,0.0,1.0,0.0,0.0,182.3,,wr,53.7,916.1,6.2
Skyy MooreKChigh,,,,,,8.4,50.8,0.6,0.0,124.1,,wr,57.0,814.3,5.7
Rondale MooreARIhigh,,,,,,21.0,114.0,0.5,0.0,180.6,,wr,72.2,804.5,3.6
Adam ThielenCARhigh,,,,,,1.8,14.4,0.2,0.0,148.4,,wr,64.0,716.0,5.0
Curtis SamuelWAShigh,,,,,,32.0,161.0,1.0,0.2,145.4,,wr,51.8,588.4,3.8
Van JeffersonLARhigh,,,,,,1.7,14.1,0.0,0.0,147.6,,wr,47.9,697.8,4.8
Elijah MooreCLEhigh,,,,,,7.6,44.6,0.8,0.0,134.3,,wr,57.4,734.0,4.1
Mecole Hardman Jr.NYJhigh,,,,,,12.8,83.5,2.0,0.1,190.6,,wr,67.9,811.4,5.0
K.J. OsbornMINhigh,,,,,,4.2,23.6,0.2,0.0,160.2,,wr,58.7,698.4,5.1
Donovan Peoples-JonesCLEhigh,,,,,,1.0,1.0,0.0,0.0,131.4,,wr,49.0,754.4,4.7
Jayden ReedGBhigh,,,,,,4.4,26.9,0.2,0.0,123.4,,wr,56.3,682.3,3.9
Hunter RenfrowLVhigh,,,,,,1.0,17.2,0.0,0.0,164.1,,wr,66.6,664.5,4.9
Rashod BatemanBALhigh,,,,,,0.0,0.9,0.0,0.0,122.4,,wr,53.4,784.0,4.2
Isaiah HodginsNYGhigh,,,,,,0.0,1.9,0.0,0.0,168.5,,wr,57.3,759.5,6.0
Jameson WilliamsDEThigh,,,,,,5.2,34.0,0.3,0.0,120.6,,wr,47.0,723.8,4.0
Alec PierceINDhigh,,,,,,0.0,1.0,0.0,0.0,127.3,,wr,44.6,742.8,3.5
Rashid ShaheedNOhigh,,,,,,5.0,71.3,2.0,0.0,105.4,,wr,40.0,665.0,2.7
Robert WoodsHOUhigh,,,,,,8.4,52.6,0.7,0.0,154.5,,wr,65.2,645.1,4.1
Chase ClaypoolCHIhigh,,,,,,10.0,72.0,0.5,0.0,112.1,,wr,45.2,592.9,3.7
Marvin Jones Jr.DEThigh,,,,,,0.3,2.5,0.0,0.0,120.0,,wr,40.8,574.5,4.0
Rashee RiceKChigh,,,,,,2.8,17.2,0.1,0.0,104.4,,wr,52.5,711.2,5.1
Mack HollinsATLhigh,,,,,,1.4,34.5,0.3,0.0,138.3,,wr,48.8,605.3,4.0
Marvin Mims Jr.DENhigh,,,,,,2.9,18.1,0.1,0.0,109.8,,wr,53.4,665.9,4.2
Darius SlaytonNYGhigh,,,,,,1.0,7.6,0.0,0.0,120.9,,wr,40.2,659.9,2.9
John Metchie IIIHOUhigh,,,,,,2.6,16.3,0.1,0.0,148.7,,wr,52.0,677.6,4.5
Allen Robinson IIPIThigh,,,,,,0.3,1.6,0.0,0.0,144.7,,wr,52.8,674.2,4.1
Parris CampbellNYGhigh,,,,,,5.7,57.8,0.3,0.0,98.6,,wr,51.2,563.0,3.0
Russell GageTBhigh,,,,,,0.7,2.5,0.0,0.0,150.3,,wr,60.5,680.9,3.6
Joshua PalmerLAChigh,,,,,,1.0,4.2,0.0,0.0,103.5,,wr,53.0,581.0,3.0
Kendrick BourneNEhigh,,,,,,8.4,55.3,0.3,0.0,80.8,,wr,37.3,460.1,2.6
Tyquan ThorntonNEhigh,,,,,,4.6,25.0,1.5,0.0,100.2,,wr,32.7,488.7,3.1
Wan'Dale RobinsonNYGhigh,,,,,,4.0,25.4,0.2,0.0,93.6,,wr,55.0,620.0,3.0
Josh ReynoldsDEThigh,,,,,,0.7,1.7,0.0,0.0,87.1,,wr,36.0,497.6,3.3
Nick Westbrook-IkhineTENhigh,,,,,,0.0,1.8,0.0,0.0,92.3,,wr,32.8,464.0,4.0
Jalin HyattNYGhigh,,,,,,2.6,16.0,0.1,0.0,97.2,,wr,47.1,601.2,3.0
Terrace Marshall Jr.CARhigh,,,,,,0.0,0.5,0.0,0.0,78.2,,wr,32.0,564.9,2.4
Michael WilsonARIhigh,,,,,,1.6,12.9,0.1,0.0,64.6,,wr,42.6,509.0,2.3
Sterling ShepardNYGhigh,,,,,,4.5,28.6,0.3,0.0,76.5,,wr,48.0,520.0,4.0
Tank DellHOUhigh,,,,,,2.2,13.7,0.1,0.0,82.8,,wr,47.0,689.0,3.0
Greg DortchARIhigh,,,,,,10.0,72.0,0.2,0.0,77.5,,wr,59.0,552.0,2.0
Josh DownsINDhigh,,,,,,2.4,14.8,0.1,0.0,90.0,,wr,31.0,563.0,2.0
Ben SkowronekLARhigh,,,,,,1.0,15.0,1.0,0.0,116.5,,wr,45.8,540.9,2.8
Tutu AtwellLARhigh,,,,,,10.0,53.2,1.0,0.0,67.9,,wr,32.4,478.3,2.0
Khalil ShakirBUFhigh,,,,,,3.4,21.5,0.2,0.0,114.0,,wr,38.2,562.8,3.0
Laviska Shenault Jr.CARhigh,,,,,,27.9,159.1,1.7,0.1,69.7,,wr,22.4,402.5,1.2
Richie James Jr.KChigh,,,,,,1.0,4.0,0.0,0.0,79.9,,wr,50.0,580.0,5.0
Puka NacuaLARhigh,,,,,,1.9,11.6,0.1,0.2,70.2,,wr,27.1,452.9,1.7
Braxton BerriosMIAhigh,,,,,,4.6,39.5,1.1,0.0,96.8,,wr,36.5,410.9,3.0
Randall CobbNYJhigh,,,,,,0.4,1.1,0.0,0.0,74.4,,wr,31.4,347.4,2.6
Isaiah McKenzieINDhigh,,,,,,9.7,54.1,0.5,0.0,66.3,,wr,34.6,348.7,2.1
Trey PalmerTBhigh,,,,,,0.9,12.9,0.2,0.0,67.8,,wr,39.5,484.7,2.4
Quez WatkinsPHIhigh,,,,,,1.6,2.2,0.0,0.0,71.4,,wr,28.1,458.0,2.3
Cedric TillmanCLEhigh,,,,,,1.9,11.8,0.1,0.1,72.0,,wr,22.3,463.3,1.9
Kalif RaymondDEThigh,,,,,,5.3,53.5,0.5,0.1,93.6,,wr,28.8,379.1,3.0
Dyami BrownWAShigh,,,,,,2.0,19.0,0.0,0.0,69.0,,wr,20.0,401.0,6.0
Noah BrownHOUhigh,,,,,,0.3,1.1,0.0,0.0,42.8,,wr,28.6,324.3,1.8
Xavier HutchinsonHOUhigh,,,,,,1.2,7.4,0.1,0.2,45.0,,wr,0.0,297.8,0.1
Marquez CallawayDENhigh,,,,,,0.0,1.0,0.0,0.0,94.8,,wr,34.8,415.2,3.1
Trent SherfieldBUFhigh,,,,,,0.0,2.4,0.0,0.0,53.7,,wr,19.5,266.5,2.0
Jauan JenningsSFhigh,,,,,,0.0,0.7,0.0,0.0,48.3,,wr,26.7,325.3,2.1
Chris MooreTENhigh,,,,,,3.0,9.3,0.0,0.0,52.8,,wr,38.0,466.0,2.0
Olamide ZaccheausPHIhigh,,,,,,2.0,6.0,0.0,0.0,57.8,,wr,34.0,465.0,3.0
Jamal AgnewJAChigh,,,,,,8.5,85.7,0.5,0.1,72.0,,wr,22.5,241.3,2.0
Demarcus RobinsonLARhigh,,,,,,0.0,0.7,0.0,0.0,59.7,,wr,23.2,282.5,1.4
Marquise GoodwinCLEhigh,,,,,,3.0,15.5,0.1,0.0,57.0,,wr,26.0,418.0,4.0
Charlie JonesCINhigh,,,,,,2.0,16.0,0.1,0.0,58.0,,wr,36.0,526.0,3.0
Demario DouglasNEhigh,,,,,,0.7,4.4,0.0,0.1,33.2,,wr,21.7,257.6,1.3
Kyle PhilipsTENhigh,,,,,,2.2,13.7,0.1,0.0,50.4,,wr,18.5,324.4,1.1
Deonte HartyBUFhigh,,,,,,3.9,28.8,0.1,0.0,51.6,,wr,31.9,368.7,2.0
Cedrick Wilson Jr.MIAhigh,,,,,,0.7,1.3,0.0,0.0,46.5,,wr,29.7,345.7,2.1
Calvin Austin IIIPIThigh,,,,,,1.0,7.7,0.0,0.0,37.8,,wr,19.5,250.4,1.2
Zach PascalARIhigh,,,,,,0.2,2.5,0.0,0.0,48.1,,wr,20.8,240.2,1.6
Cade JohnsonSEAhigh,,,,,,0.0,1.7,0.0,0.0,38.0,,wr,14.6,168.0,1.1
Deven ThompkinsTBhigh,,,,,,0.3,39.0,0.5,0.0,46.9,,wr,27.1,336.0,1.5
Devin DuvernayBALhigh,,,,,,7.6,73.4,0.4,0.0,64.6,,wr,7.6,341.9,0.6
Dontayvion WicksGBhigh,,,,,,0.4,8.9,0.0,0.0,40.9,,wr,20.1,236.6,1.4
A.T. PerryNOhigh,,,,,,1.2,7.7,0.1,0.0,46.8,,wr,7.0,309.6,0.6
Kayshon BoutteNEhigh,,,,,,1.6,9.8,0.1,0.0,59.4,,wr,1.2,388.5,0.3
KhaDarel HodgeATLhigh,,,,,,0.0,12.1,0.1,0.0,66.5,,wr,21.2,292.1,2.4
Trenton IrwinCINhigh,,,,,,0.3,1.8,0.0,0.1,33.3,,wr,18.4,229.1,1.8
Justin WatsonKChigh,,,,,,0.0,0.8,0.0,0.0,57.5,,wr,19.5,259.6,2.0
Tyler ScottCHIhigh,,,,,,0.8,5.0,0.0,0.1,30.6,,wr,0.0,201.6,0.0
Justyn RossKChigh,,,,,,1.5,9.5,0.1,0.0,57.6,,wr,15.7,377.9,1.8
Jason BrownleeNYJhigh,,,,,,0.0,5.3,0.0,0.0,26.5,,wr,14.1,161.3,1.2
David BellCLEhigh,,,,,,0.0,0.7,0.0,0.0,54.4,,wr,12.8,344.9,0.6
Tre NixonNEhigh,,,,,,0.0,6.3,0.0,0.0,26.7,,wr,8.6,126.9,0.8
Parker WashingtonJAChigh,,,,,,0.5,3.3,0.0,0.1,22.8,,wr,14.0,158.6,1.2
Samori ToureGBhigh,,,,,,0.8,5.2,0.0,0.0,32.2,,wr,18.9,240.6,1.3
Equanimeous St. BrownCHIhigh,,,,,,2.4,21.3,0.1,0.0,45.9,,wr,13.2,223.1,1.3
Jalen TolbertDALhigh,,,,,,1.6,10.2,0.1,0.0,37.8,,wr,13.2,243.2,1.2
Nelson AgholorBALhigh,,,,,,0.7,2.6,0.0,0.0,52.7,,wr,8.8,364.7,0.9
Brandon PowellMINhigh,,,,,,3.1,75.2,0.1,0.1,49.8,,wr,18.2,184.0,0.9
Jalen NailorMINhigh,,,,,,0.5,3.4,0.0,0.0,45.9,,wr,16.1,192.5,1.7
Velus Jones Jr.CHIhigh,,,,,,4.7,107.4,0.5,0.1,31.4,,wr,5.9,102.4,0.5
Tre'Quan SmithNOhigh,,,,,,0.1,0.8,0.0,0.0,26.9,,wr,11.1,138.4,1.0
DeAndre CarterLVhigh,,,,,,1.1,15.7,0.1,0.0,41.2,,wr,14.5,181.9,1.0
Keith KirkwoodNOhigh,,,,,,0.0,1.1,0.0,0.0,35.7,,wr,13.4,170.5,0.9
Rakim JarrettTBhigh,,,,,,0.0,2.1,0.0,0.0,21.1,,wr,13.7,162.0,0.8
Dee EskridgeSEAhigh,,,,,,4.4,26.1,0.2,0.0,24.4,,wr,15.1,161.9,0.8
Derius DavisLAChigh,,,,,,0.2,9.3,0.0,0.0,33.2,,wr,11.8,141.3,0.9
Scott MillerATLhigh,,,,,,0.8,8.2,0.1,0.0,29.1,,wr,9.5,148.3,0.6
Andrei IosivasCINhigh,,,,,,0.4,2.7,0.0,0.1,16.2,,wr,0.0,105.5,0.0
Gunner OlszewskiPIThigh,,,,,,9.1,53.4,0.3,0.1,16.8,,wr,6.4,75.3,0.4
Justin ShorterBUFhigh,,,,,,0.3,2.1,0.0,0.0,12.6,,wr,7.3,84.2,0.7
KaVontae TurpinDALhigh,,,,,,5.0,30.1,0.3,0.0,18.2,,wr,7.0,81.7,0.6
Ray-Ray McCloud IIISFhigh,,,,,,5.0,30.6,0.4,0.0,13.0,,wr,4.8,51.4,0.3
Brandon JohnsonDENhigh,,,,,,0.0,2.7,0.0,0.0,18.0,,wr,6.3,83.6,0.5
Ashton DulinINDhigh,,,,,,0.3,8.6,0.0,0.0,17.3,,wr,4.5,89.3,0.5
River CracraftMIAhigh,,,,,,0.0,1.1,0.0,0.0,17.6,,wr,5.5,88.4,0.5
Byron PringleWAShigh,,,,,,0.0,0.0,0.0,0.1,10.5,,wr,7.1,81.0,0.4
Cody ThompsonSEAhigh,,,,,,0.0,3.7,0.0,0.0,14.0,,wr,4.3,75.8,0.3
Dareke YoungSEAhigh,,,,,,0.2,1.0,0.0,0.0,15.9,,wr,9.5,110.0,0.8
Jalen VirgilDENhigh,,,,,,0.0,0.0,0.0,0.0,7.6,,wr,4.4,56.7,0.3
Tre TuckerLVhigh,,,,,,0.4,4.3,0.0,0.0,14.4,,wr,4.0,93.7,0.3
Erik EzukanmaMIAhigh,,,,,,0.4,2.4,0.0,0.1,11.6,,wr,7.0,79.2,0.6
Matthew SlaterNEhigh,,,,,,0.0,2.4,0.0,0.0,10.0,,wr,3.3,70.5,0.2
Tim JonesJAChigh,,,,,,0.0,1.5,0.0,0.0,10.5,,wr,6.6,76.9,0.5
Danny GraySFhigh,,,,,,0.6,3.9,0.0,0.0,14.4,,wr,6.3,90.8,0.6
Ronnie BellSFhigh,,,,,,0.0,4.4,0.0,0.0,9.8,,wr,3.3,44.6,0.2
Jalen ReagorMINhigh,,,,,,4.2,23.5,0.2,0.0,11.7,,wr,5.6,59.5,0.4
KeeSean JohnsonBUFhigh,,,,,,0.0,0.0,0.0,0.0,5.7,,wr,3.6,41.2,0.3
Maurice AlexanderDEThigh,,,,,,0.0,1.7,0.0,0.0,6.5,,wr,3.6,48.4,0.3
Dax MilneWAShigh,,,,,,0.3,4.9,0.0,0.0,13.2,,wr,4.8,57.5,0.3
Cam SimsLVhigh,,,,,,0.1,0.6,0.0,0.0,6.8,,wr,3.4,48.5,0.2
Jalen GuytonLAChigh,,,,,,0.6,2.4,0.0,0.0,11.9,,wr,3.8,75.7,0.2
Michael Woods IICLEhigh,,,,,,0.0,0.0,0.0,0.0,4.9,,wr,3.1,38.7,0.2
Tylan WallaceBALhigh,,,,,,0.3,2.0,0.0,0.0,7.2,,wr,3.0,45.1,0.2
Josh AliATLhigh,,,,,,0.0,0.0,0.0,0.0,4.3,,wr,2.8,32.2,0.2
Miles BoykinPIThigh,,,,,,0.0,0.6,0.0,0.0,5.2,,wr,3.2,40.0,0.2
Jalen BrooksDALhigh,,,,,,0.1,0.6,0.0,0.0,3.6,,wr,0.0,23.2,0.0
Kirk MerrittNOhigh,,,,,,0.0,0.3,0.0,0.0,1.7,,wr,0.4,9.5,0.1
Laquon TreadwellBALhigh,,,,,,0.0,0.2,0.0,0.0,1.4,,wr,0.3,9.3,0.0
Antoine GreenDEThigh,,,,,,0.0,0.4,0.0,0.0,1.6,,wr,0.6,7.3,0.0
Travis KelceKChigh,,,,,,,,,0.0,307.8,,te,119.8,"1,361.5",12.7
Mark AndrewsBALhigh,,,,,,,,,0.0,198.0,,te,85.5,949.0,7.9
T.J. HockensonMINhigh,,,,,,,,,0.0,192.4,,te,88.6,877.0,7.4
Darren WallerNYGhigh,,,,,,,,,0.0,197.9,,te,70.8,934.6,6.3
George KittleSFhigh,,,,,,,,,0.0,178.2,,te,63.9,821.0,8.0
Kyle PittsATLhigh,,,,,,,,,0.0,164.2,,te,64.6,883.0,5.0
Dallas GoedertPHIhigh,,,,,,,,,0.0,191.5,,te,74.2,882.5,5.0
Pat FreiermuthPIThigh,,,,,,,,,0.0,134.7,,te,64.2,686.0,4.4
Evan EngramJAChigh,,,,,,,,,0.0,148.3,,te,65.0,669.0,4.6
David NjokuCLEhigh,,,,,,,,,0.0,123.9,,te,57.0,657.0,5.0
Chigoziem OkonkwoTENhigh,,,,,,,,,0.0,139.2,,te,56.0,616.5,4.0
Dalton SchultzHOUhigh,,,,,,,,,0.0,149.3,,te,58.0,642.3,5.1
Tyler HigbeeLARhigh,,,,,,,,,0.0,142.9,,te,68.0,639.0,4.0
Cole KmetCHIhigh,,,,,,,,,0.0,117.9,,te,53.9,578.3,6.0
Greg DulcichDENhigh,,,,,,,,,0.0,133.9,,te,50.0,634.6,4.5
Dalton KincaidBUFhigh,,,,,,,,,0.0,102.6,,te,49.0,572.0,6.0
Gerald EverettLAChigh,,,,,,,,,0.0,143.6,,te,59.6,586.1,4.2
Juwan JohnsonNOhigh,,,,,,,,,0.0,105.3,,te,47.7,533.8,6.0
Sam LaPortaDEThigh,,,,,,,,,0.0,97.2,,te,51.0,538.0,5.0
Hunter HenryNEhigh,,,,,,,,,0.0,124.8,,te,46.0,590.7,3.6
Irv Smith Jr.CINhigh,,,,,,,,,0.0,103.3,,te,52.0,468.6,6.0
Noah FantSEAhigh,,,,,,,,,0.0,107.8,,te,53.0,529.0,4.0
Dawson KnoxBUFhigh,,,,,,,,,0.0,83.3,,te,45.0,477.0,4.1
Cade OttonTBhigh,,,,,,,,,0.0,117.4,,te,50.2,515.5,3.3
Hayden HurstCARhigh,,,,,,,,,0.0,108.1,,te,49.4,469.8,3.5
Zach ErtzARIhigh,,,,,,,,,0.0,90.4,,te,52.1,507.8,4.6
Taysom HillNOhigh,,,,,,,,,0.0,79.9,,te,30.3,423.4,4.6
Jelani WoodsINDhigh,,,,,,,,,0.0,108.5,,te,40.8,499.4,3.9
Tyler ConklinNYJhigh,,,,,,,,,0.0,99.5,,te,54.0,526.0,3.1
Mike GesickiNEhigh,,,,,,,,,0.0,81.6,,te,42.5,503.4,4.0
Jake FergusonDALhigh,,,,,,,,,0.0,73.3,,te,50.0,493.0,4.0
Michael MayerLVhigh,,,,,,,,,0.0,80.9,,te,42.0,438.0,3.0
Luke MusgraveGBhigh,,,,,,,,,0.0,72.0,,te,47.1,499.4,4.0
Logan ThomasWAShigh,,,,,,,,,0.0,96.3,,te,45.6,449.0,3.1
Trey McBrideARIhigh,,,,,,,,,0.0,86.4,,te,55.0,506.0,3.0
Isaiah LikelyBALhigh,,,,,,,,,0.0,86.7,,te,31.6,431.6,3.0
Austin HooperLVhigh,,,,,,,,,0.0,65.8,,te,36.4,368.5,2.5
Noah GrayKChigh,,,,,,,,,0.0,60.6,,te,31.0,329.0,2.2
Luke SchoonmakerDALhigh,,,,,,,,,0.0,86.7,,te,34.9,371.3,2.4
Foster MoreauNOhigh,,,,,,,,,0.0,56.8,,te,28.0,381.0,2.0
Adam TrautmanDENhigh,,,,,,,,,0.0,49.3,,te,29.0,342.0,2.4
Donald Parham Jr.LAChigh,,,,,,,,,0.0,64.3,,te,26.1,304.9,3.0
Brock WrightDEThigh,,,,,,,,,0.0,49.0,,te,23.0,275.0,5.0
Robert TonyanCHIhigh,,,,,,,,,0.0,60.6,,te,32.0,335.0,3.0
Jonnu SmithATLhigh,,,,,,,,,0.0,47.6,,te,24.0,303.7,2.0
Will DisslySEAhigh,,,,,,,,,0.0,62.2,,te,27.1,278.2,2.0
C.J. UzomahNYJhigh,,,,,,,,,0.0,60.3,,te,25.0,261.0,3.0
Brenton StrangeJAChigh,,,,,,,,,0.0,48.9,,te,24.0,225.0,2.0
Durham SmytheMIAhigh,,,,,,,,,0.0,58.7,,te,23.9,239.1,1.7
Jordan AkinsCLEhigh,,,,,,,,,0.0,89.8,,te,33.3,418.6,2.4
Kylen GransonINDhigh,,,,,,,,,0.0,63.6,,te,25.0,284.5,1.9
Harrison BryantCLEhigh,,,,,,,,,0.0,53.7,,te,23.0,231.2,1.7
Josiah DeguaraGBhigh,,,,,,,,,0.0,42.8,,te,25.1,251.9,1.9
Brevin JordanHOUhigh,,,,,,,,,0.0,39.1,,te,16.0,240.6,1.1
Mo Alie-CoxINDhigh,,,,,,,,,0.0,37.4,,te,15.0,232.3,3.0
Josh OliverMINhigh,,,,,,,,,0.0,37.1,,te,26.0,270.0,3.0
Tucker KraftGBhigh,,,,,,,,,0.0,43.2,,te,23.0,266.5,2.0
Tommy TrembleCARhigh,,,,,,,,,0.0,51.2,,te,22.0,204.6,3.0
Darnell WashingtonPIThigh,,,,,,,,,0.0,48.6,,te,19.0,299.5,1.0
Colby ParkinsonSEAhigh,,,,,,,,,0.0,51.1,,te,19.5,225.7,1.5
Ian ThomasCARhigh,,,,,,,,,0.0,28.6,,te,22.0,211.0,1.0
Teagan QuitorianoHOUhigh,,,,,,,,,0.0,30.0,,te,21.0,255.0,2.0
Daniel BellingerNYGhigh,,,,,,,,,0.0,52.7,,te,19.8,335.3,1.4
Albert OkwuegbunamPHIhigh,,,,,,,,,0.5,44.2,,te,7.5,251.7,0.9
Lawrence CagerNYGhigh,,,,,,,,,0.0,37.1,,te,13.0,175.0,1.1
Jimmy GrahamNOhigh,,,,,,,,,0.0,72.4,,te,27.2,317.4,2.2
Charlie KolarBALhigh,,,,,,,,,0.0,48.5,,te,18.7,223.4,1.2
Peyton HendershotDALhigh,,,,,,,,,0.0,37.8,,te,11.5,232.8,2.0
Eric SaubertMIAhigh,,,,,,,,,0.0,27.7,,te,15.7,157.4,1.5
Blake BellKChigh,,,,,,,,,0.0,27.4,,te,16.4,165.7,2.0
Brycen HopkinsLARhigh,,,,,,,,,0.0,41.4,,te,16.2,171.5,1.3
Hunter LongLARhigh,,,,,,,,,0.0,30.2,,te,20.2,218.1,1.4
Payne DurhamTBhigh,,,,,,,,,0.0,21.6,,te,20.0,177.0,1.0
Ko KieftTBhigh,,,,,,,,,0.0,27.6,,te,18.6,198.8,1.2
Connor HeywardPIThigh,,,,,,,,,0.0,31.3,,te,14.9,155.7,1.3
John BatesWAShigh,,,,,,,,,0.0,27.2,,te,15.0,161.5,1.0
Geoff SwaimARIhigh,,,,,,,,,0.0,25.8,,te,21.0,173.8,1.4
Cameron LatuSFhigh,,,,,,,,,0.0,33.9,,te,15.2,137.3,1.0
James MitchellDEThigh,,,,,,,,,0.0,28.8,,te,13.0,172.7,1.0
Tre' McKittyLAChigh,,,,,,,,,0.0,25.5,,te,14.0,152.1,1.0
Andrew OgletreeINDhigh,,,,,,,,,0.0,10.0,,te,10.0,88.0,1.0
Josh WhyleTENhigh,,,,,,,,,0.0,26.7,,te,11.9,149.1,1.0
John FitzPatrickATLhigh,,,,,,,,,0.0,9.0,,te,8.0,80.0,1.0
Jack StollPHIhigh,,,,,,,,,0.0,23.8,,te,21.0,207.0,1.0
Cole TurnerWAShigh,,,,,,,,,0.0,46.8,,te,6.9,288.7,0.5
Marcedes LewisCHIhigh,,,,,,,,,0.0,16.0,,te,8.0,86.0,2.0
Davis AllenLARhigh,,,,,,,,,0.0,18.0,,te,29.0,199.0,1.0
Jeremy RuckertNYJhigh,,,,,,,,,0.0,30.6,,te,12.0,184.7,1.0
Stephen SullivanCARhigh,,,,,,,,,0.0,18.0,,te,14.0,199.0,1.0
Ross DwelleySFhigh,,,,,,,,,0.0,19.0,,te,7.0,157.0,2.0
Trevon WescoTENhigh,,,,,,,,,0.0,21.7,,te,13.5,149.2,1.1
Quintin MorrisBUFhigh,,,,,,,,,0.0,21.6,,te,11.0,125.4,1.0
Jody FortsonKChigh,,,,,,,,,0.0,21.1,,te,7.7,154.2,0.8
Johnny MundtMINhigh,,,,,,,,,0.0,20.4,,te,10.0,128.2,1.0
Drew SampleCINhigh,,,,,,,,,0.0,20.4,,te,13.0,107.7,1.0
Reggie GilliamBUFhigh,,,,,,,,,0.0,10.0,,te,13.0,110.0,1.0
Andrew BeckHOUhigh,,,,,,,,,0.0,21.0,,te,7.9,84.1,0.6
Will MalloryINDhigh,,,,,,,,,0.0,21.6,,te,10.0,125.4,1.0
Brayden WillisSFhigh,,,,,,,,,0.0,10.0,,te,10.0,109.0,1.0
Curtis HodgesWAShigh,,,,,,,,,0.0,10.0,,te,10.0,97.0,1.0
Luke FarrellJAChigh,,,,,,,,,0.0,13.6,,te,12.0,122.0,1.0
Jesper HorstedLVhigh,,,,,,,,,0.0,16.2,,te,11.0,101.0,1.0
Stone SmarttLAChigh,,,,,,,,,0.0,12.4,,te,14.0,110.0,1.0
Tommy SweeneyNYGhigh,,,,,,,,,0.0,14.4,,te,10.0,79.8,1.0
Chris ManhertzDENhigh,,,,,,,,,0.0,18.7,,te,10.0,113.1,1.0
Giovanni RicciCARhigh,,,,,,,,,0.0,18.0,,te,2.7,102.8,0.4
Mitchell WilcoxCINhigh,,,,,,,,,0.0,14.4,,te,6.3,88.2,0.5
Grant CalcaterraPHIhigh,,,,,,,,,0.0,25.2,,te,3.5,149.1,0.4
Shane ZylstraDEThigh,,,,,,,,,0.1,16.2,,te,3.9,91.0,0.4
Armani RogersWAShigh,,,,,,,,,0.0,9.7,,te,7.3,68.6,0.5
Anthony FirkserNEhigh,,,,,,,,,0.0,7.5,,te,5.8,54.3,0.4
MyCole PruittATLhigh,,,,,,,,,0.0,12.6,,te,3.2,63.6,0.4
David WellsTBhigh,,,,,,,,,0.0,9.2,,te,3.2,31.7,0.4
Dominique DafneyTBhigh,,,,,,,,,0.0,5.6,,te,3.9,39.8,0.3
Noah TogiaiARIhigh,,,,,,,,,0.0,6.1,,te,4.0,42.3,0.3
Tyler DavisGBhigh,,,,,,,,,0.0,7.2,,te,3.8,38.2,0.3
Tyler MabrySEAhigh,,,,,,,,,0.0,5.4,,te,4.1,39.2,0.3
Feleipe FranksATLhigh,,,,,,,,,0.0,4.3,,te,3.1,29.0,0.2
Charlie WoernerSFhigh,,,,,,,,,0.0,7.5,,te,3.5,33.3,0.3
Kaden SmithWAShigh,,,,,,,,,0.0,4.1,,te,3.2,29.2,0.2
Ben MasonBALhigh,,,,,,,,,0.0,0.6,,te,0.3,2.0,0.0
